leg_id,direction,start_event_id,end_event_id,start_time,end_time,start_price,end_price,move_pct,price_factor,log_move,abs_log_move,duration_days,duration_hours,duration_precision,is_subday_known,is_subday,available_at_time,role
L00001,up,E00008,E00010,2017-08-23 00:00:00+00:00,2017-09-02 00:00:00+00:00,4013.89,4939.19,0.230525,1.2305245037,0.2074405042,0.2074405042,10.0,240.0,1D_fallback,False,False,2017-09-04 23:59:59.999000+00:00,raw_leg
L00002,down,E00010,E00012,2017-09-02 00:00:00+00:00,2017-09-05 00:00:00+00:00,4939.19,3603.0,-0.270528,1.3708548432,-0.3154345184,0.3154345184,3.0,72.0,1D_fallback,False,False,2017-09-05 23:59:59.999000+00:00,raw_leg
L00003,up,E00012,E00013,2017-09-05 00:00:00+00:00,2017-09-07 00:00:00+00:00,3603.0,4788.59,0.329056,1.3290563419,0.2844691731,0.2844691731,2.0,48.0,1D_fallback,False,False,2017-09-10 23:59:59.999000+00:00,raw_leg
L00004,down,E00013,E00018,2017-09-07 00:00:00+00:00,2017-09-14 00:00:00+00:00,4788.59,3165.13,-0.339027,1.5129204804,-0.4140418758,0.4140418758,7.0,168.0,1D_fallback,False,False,2017-09-14 23:59:59.999000+00:00,raw_leg
L00005,up,E00018,E00038,2017-09-14 00:00:00+00:00,2017-11-08 00:00:00+00:00,3165.13,7770.02,1.454882,2.45488179,0.8980786094,0.8980786094,55.0,1320.0,1D_fallback,False,False,2017-11-10 23:59:59.999000+00:00,raw_leg
L00006,down,E00038,E00041,2017-11-08 00:00:00+00:00,2017-11-12 00:00:00+00:00,7770.02,5325.01,-0.314672,1.4591559452,-0.3778581489,0.3778581489,4.0,96.0,1D_fallback,False,False,2017-11-12 23:59:59.999000+00:00,raw_leg
L00007,up,E00041,E00052,2017-11-12 00:00:00+00:00,2017-11-29 00:00:00+00:00,5325.01,11300.03,1.122067,2.1220673764,0.7523907911,0.7523907911,17.0,408.0,1D_fallback,False,False,2017-11-29 23:59:59.999000+00:00,raw_leg
L00008,down,E00052,E00054,2017-11-29 00:00:00+00:00,2017-11-30 00:00:00+00:00,11300.03,8850.8,-0.216745,1.2767241379,-0.2442975302,0.2442975302,1.0,24.0,1D_fallback,False,False,2017-11-30 23:59:59.999000+00:00,raw_leg
L00009,up,E00054,E00059,2017-11-30 00:00:00+00:00,2017-12-07 00:00:00+00:00,8850.8,16649.96,0.881181,1.8811813621,0.6318999636,0.6318999636,7.0,168.0,1D_fallback,False,False,2017-12-07 23:59:59.999000+00:00,raw_leg
L00010,down,E00059,E00065,2017-12-07 00:00:00+00:00,2017-12-10 00:00:00+00:00,16649.96,12368.0,-0.257175,1.3462128072,-0.2972953222,0.2972953222,3.0,72.0,1D_fallback,False,False,2017-12-10 23:59:59.999000+00:00,raw_leg
L00011,up,E00065,E00070,2017-12-10 00:00:00+00:00,2017-12-17 00:00:00+00:00,12368.0,19798.68,0.600799,1.6007988357,0.470502777,0.470502777,7.0,168.0,1D_fallback,False,False,2017-12-19 23:59:59.999000+00:00,raw_leg
L00012,down,E00070,E00077,2017-12-17 00:00:00+00:00,2017-12-24 00:00:00+00:00,19798.68,11640.0,-0.412082,1.7009175258,-0.5311678265,0.5311678265,7.0,168.0,1D_fallback,False,False,2017-12-25 23:59:59.999000+00:00,raw_leg
L00013,up,E00077,E00078,2017-12-24 00:00:00+00:00,2017-12-27 00:00:00+00:00,11640.0,16498.05,0.417358,1.4173582474,0.3487947498,0.3487947498,3.0,72.0,1D_fallback,False,False,2017-12-28 23:59:59.999000+00:00,raw_leg
L00014,down,E00078,E00081,2017-12-27 00:00:00+00:00,2017-12-30 00:00:00+00:00,16498.05,11750.0,-0.287795,1.4040893617,-0.3393889515,0.3393889515,3.0,72.0,1D_fallback,False,False,2017-12-30 23:59:59.999000+00:00,raw_leg
L00015,up,E00081,E00082,2017-12-30 00:00:00+00:00,2018-01-02 00:00:00+00:00,11750.0,15473.49,0.316893,1.316892766,0.2752749965,0.2752749965,3.0,72.0,1D_fallback,False,False,2018-01-02 23:59:59.999000+00:00,raw_leg
L00016,up,E00085,E00086,2018-01-04 00:00:00+00:00,2018-01-05 00:00:00+00:00,13918.04,17176.24,0.234099,1.2340990542,0.2103411931,0.2103411931,1.0,24.0,1D_fallback,False,False,2018-01-08 23:59:59.999000+00:00,raw_leg
L00017,down,E00086,E00093,2018-01-05 00:00:00+00:00,2018-01-17 00:00:00+00:00,17176.24,9037.94,-0.473811,1.900459618,-0.6420957611,0.6420957611,12.0,288.0,1D_fallback,False,False,2018-01-17 23:59:59.999000+00:00,raw_leg
L00018,up,E00093,E00094,2018-01-17 00:00:00+00:00,2018-01-20 00:00:00+00:00,9037.94,13099.0,0.449335,1.4493346935,0.3711046191,0.3711046191,3.0,72.0,1D_fallback,False,False,2018-01-22 23:59:59.999000+00:00,raw_leg
L00019,down,E00094,E00096,2018-01-20 00:00:00+00:00,2018-01-23 00:00:00+00:00,13099.0,9905.0,-0.243835,1.3224634023,-0.2794962113,0.2794962113,3.0,72.0,1D_fallback,False,False,2018-01-28 23:59:59.999000+00:00,raw_leg
L00020,up,E00096,E00097,2018-01-23 00:00:00+00:00,2018-01-28 00:00:00+00:00,9905.0,12244.0,0.236143,1.2361433619,0.2119963409,0.2119963409,5.0,120.0,1D_fallback,False,False,2018-01-30 23:59:59.999000+00:00,raw_leg
L00021,down,E00097,E00103,2018-01-28 00:00:00+00:00,2018-02-05 00:00:00+00:00,12244.0,6625.0,-0.458919,1.8481509434,-0.6141856492,0.6141856492,8.0,192.0,1D_fallback,False,False,2018-02-05 23:59:59.999000+00:00,raw_leg
L00022,up,E00103,E00107,2018-02-05 00:00:00+00:00,2018-02-20 00:00:00+00:00,6625.0,11786.01,0.77902,1.7790203774,0.576062863,0.576062863,15.0,360.0,1D_fallback,False,False,2018-02-22 23:59:59.999000+00:00,raw_leg
L00023,down,E00107,E00111,2018-02-20 00:00:00+00:00,2018-02-25 00:00:00+00:00,11786.01,9274.8,-0.213067,1.2707562427,-0.23961219,0.23961219,5.0,120.0,1D_fallback,False,False,2018-03-02 23:59:59.999000+00:00,raw_leg
L00024,up,E00111,E00112,2018-02-25 00:00:00+00:00,2018-03-05 00:00:00+00:00,9274.8,11710.0,0.262561,1.2625609178,0.2331421327,0.2331421327,8.0,192.0,1D_fallback,False,False,2018-03-07 23:59:59.999000+00:00,raw_leg
L00025,down,E00112,E00118,2018-03-05 00:00:00+00:00,2018-03-18 00:00:00+00:00,11710.0,7322.0,-0.374722,1.5992898115,-0.4695596629,0.4695596629,13.0,312.0,1D_fallback,False,False,2018-03-20 23:59:59.999000+00:00,raw_leg
L00026,up,E00118,E00119,2018-03-18 00:00:00+00:00,2018-03-21 00:00:00+00:00,7322.0,9177.01,0.253347,1.2533474461,0.2258179288,0.2258179288,3.0,72.0,1D_fallback,False,False,2018-03-29 23:59:59.999000+00:00,raw_leg
L00027,down,E00119,E00122,2018-03-21 00:00:00+00:00,2018-04-01 00:00:00+00:00,9177.01,6430.0,-0.299336,1.4272177294,-0.3557269053,0.3557269053,11.0,264.0,1D_fallback,False,False,2018-04-12 23:59:59.999000+00:00,raw_leg
L00028,up,E00122,E00123,2018-04-01 00:00:00+00:00,2018-05-05 00:00:00+00:00,6430.0,10020.0,0.55832,1.5583203733,0.4436085574,0.4436085574,34.0,816.0,1D_fallback,False,False,2018-05-11 23:59:59.999000+00:00,raw_leg
L00029,down,E00123,E00139,2018-05-05 00:00:00+00:00,2018-06-24 00:00:00+00:00,10020.0,5750.0,-0.426148,1.7426086957,-0.5553832408,0.5553832408,50.0,1200.0,1D_fallback,False,False,2018-07-17 23:59:59.999000+00:00,raw_leg
L00030,up,E00139,E00140,2018-06-24 00:00:00+00:00,2018-07-25 00:00:00+00:00,5750.0,8491.77,0.47683,1.4768295652,0.3898976044,0.3898976044,31.0,744.0,1D_fallback,False,False,2018-08-04 23:59:59.999000+00:00,raw_leg
L00031,down,E00140,E00148,2018-07-25 00:00:00+00:00,2018-08-14 00:00:00+00:00,8491.77,5880.0,-0.307565,1.4441785714,-0.3675406972,0.3675406972,20.0,480.0,1D_fallback,False,False,2018-08-28 23:59:59.999000+00:00,raw_leg
L00032,up,E00148,E00149,2018-08-14 00:00:00+00:00,2018-09-04 00:00:00+00:00,5880.0,7410.0,0.260204,1.2602040816,0.2312736774,0.2312736774,21.0,504.0,1D_fallback,False,False,2018-09-08 23:59:59.999000+00:00,raw_leg
L00033,down,E00149,E00152,2018-09-04 00:00:00+00:00,2018-09-19 00:00:00+00:00,7410.0,6123.0,-0.173684,1.2101910828,-0.1907782668,0.1907782668,15.0,360.0,1D_fallback,False,False,2018-10-15 23:59:59.999000+00:00,raw_leg
L00034,up,E00152,E00153,2018-09-19 00:00:00+00:00,2018-10-15 00:00:00+00:00,6123.0,7680.0,0.254287,1.2542871142,0.2265673747,0.2265673747,26.0,624.0,1D_fallback,False,False,2018-10-29 23:59:59.999000+00:00,raw_leg
L00035,down,E00153,E00163,2018-10-15 00:00:00+00:00,2018-11-25 00:00:00+00:00,7680.0,3652.66,-0.524393,2.1025772998,-0.7431638779,0.7431638779,41.0,984.0,1D_fallback,False,False,2018-11-28 23:59:59.999000+00:00,raw_leg
L00036,up,E00163,E00164,2018-11-25 00:00:00+00:00,2018-11-29 00:00:00+00:00,3652.66,4450.38,0.218394,1.2183942661,0.1975338165,0.1975338165,4.0,96.0,1D_fallback,False,False,2018-12-06 23:59:59.999000+00:00,raw_leg
L00037,down,E00164,E00169,2018-11-29 00:00:00+00:00,2018-12-15 00:00:00+00:00,4450.38,3156.26,-0.290789,1.4100169188,-0.3436017034,0.3436017034,16.0,384.0,1D_fallback,False,False,2018-12-19 23:59:59.999000+00:00,raw_leg
L00038,up,E00169,E00170,2018-12-15 00:00:00+00:00,2018-12-24 00:00:00+00:00,3156.26,4198.0,0.330055,1.3300551919,0.285220439,0.285220439,9.0,216.0,1D_fallback,False,False,2019-01-11 23:59:59.999000+00:00,raw_leg
L00039,down,E00170,E00176,2018-12-24 00:00:00+00:00,2019-01-29 00:00:00+00:00,4198.0,3349.92,-0.20202,1.2531642547,-0.2256717564,0.2256717564,36.0,864.0,1D_fallback,False,False,2019-02-23 23:59:59.999000+00:00,raw_leg
L00040,up,E00176,E00177,2019-01-29 00:00:00+00:00,2019-05-14 00:00:00+00:00,3349.92,8366.0,1.497373,2.4973730716,0.9152394081,0.9152394081,105.0,2520.0,1D_fallback,False,False,2019-05-17 23:59:59.999000+00:00,raw_leg
L00041,up,E00179,E00180,2019-05-18 00:00:00+00:00,2019-05-30 00:00:00+00:00,7156.61,9074.26,0.267955,1.2679550793,0.237405429,0.237405429,12.0,288.0,1D_fallback,False,False,2019-06-04 23:59:59.999000+00:00,raw_leg
L00042,down,E00180,E00183,2019-05-30 00:00:00+00:00,2019-06-06 00:00:00+00:00,9074.26,7444.58,-0.179594,1.2189082527,-0.1979555833,0.1979555833,7.0,168.0,1D_fallback,False,False,2019-06-16 23:59:59.999000+00:00,raw_leg
L00043,up,E00183,E00184,2019-06-06 00:00:00+00:00,2019-06-26 00:00:00+00:00,7444.58,13970.0,0.876533,1.8765329945,0.6294259224,0.6294259224,20.0,480.0,1D_fallback,False,False,2019-06-27 23:59:59.999000+00:00,raw_leg
L00044,down,E00184,E00189,2019-06-26 00:00:00+00:00,2019-07-02 00:00:00+00:00,13970.0,9727.0,-0.303722,1.4362084918,-0.3620066494,0.3620066494,6.0,144.0,1D_fallback,False,False,2019-07-03 23:59:59.999000+00:00,raw_leg
L00045,up,E00189,E00190,2019-07-02 00:00:00+00:00,2019-07-10 00:00:00+00:00,9727.0,13147.08,0.351607,1.3516068675,0.3012941568,0.3012941568,8.0,192.0,1D_fallback,False,False,2019-07-13 23:59:59.999000+00:00,raw_leg
L00046,down,E00190,E00195,2019-07-10 00:00:00+00:00,2019-07-17 00:00:00+00:00,13147.08,9060.0,-0.310874,1.4511125828,-0.3723305607,0.3723305607,7.0,168.0,1D_fallback,False,False,2019-07-20 23:59:59.999000+00:00,raw_leg
L00047,up,E00195,E00196,2019-07-17 00:00:00+00:00,2019-07-20 00:00:00+00:00,9060.0,11068.99,0.221743,1.2217428256,0.2002783849,0.2002783849,3.0,72.0,1D_fallback,False,False,2019-07-28 23:59:59.999000+00:00,raw_leg
L00048,up,E00198,E00199,2019-07-29 00:00:00+00:00,2019-08-06 00:00:00+00:00,9395.0,12330.7,0.312475,1.3124747206,0.2719144548,0.2719144548,8.0,192.0,1D_fallback,False,False,2019-08-14 23:59:59.999000+00:00,raw_leg
L00049,down,E00199,E00210,2019-08-06 00:00:00+00:00,2019-10-23 16:00:00+00:00,12330.7,7172.76,-0.418301,1.7191011549,-0.5418015699,0.5418015699,78.666667,1888.0,1D_fallback,False,False,2019-10-25 23:59:59.999000+00:00,raw_leg
L00050,up,E00210,E00211,2019-10-23 16:00:00+00:00,2019-10-26 00:00:00+00:00,7172.76,10408.48,0.451112,1.4511122636,0.3723303407,0.3723303407,2.333333,56.0,4H,True,False,2019-10-26 23:59:59.999000+00:00,raw_leg
L00051,down,E00211,E00227,2019-10-26 00:00:00+00:00,2019-11-25 04:00:00+00:00,10408.48,6510.19,-0.37453,1.5987981918,-0.4692522169,0.4692522169,30.166667,724.0,4H,True,False,2019-11-29 23:59:59.999000+00:00,raw_leg
L00052,up,E00227,E00228,2019-11-25 04:00:00+00:00,2019-11-29 16:00:00+00:00,6510.19,7850.0,0.205802,1.2058019812,0.1871448901,0.1871448901,4.5,108.0,4H,True,False,2019-12-18 23:59:59.999000+00:00,raw_leg
L00053,up,E00232,E00233,2020-01-03 00:00:00+00:00,2020-02-13 12:00:00+00:00,6863.44,10540.0,0.535673,1.5356730736,0.4289687693,0.4289687693,41.5,996.0,4H,True,False,2020-02-26 23:59:59.999000+00:00,raw_leg
L00054,down,E00233,E00241,2020-02-13 12:00:00+00:00,2020-03-12 20:00:00+00:00,10540.0,4347.0,-0.587571,2.4246606855,-0.8856915911,0.8856915911,28.333333,680.0,4H,True,False,2020-03-12 23:59:59.999000+00:00,raw_leg
L00055,up,E00241,E00246,2020-03-12 20:00:00+00:00,2020-03-19 20:00:00+00:00,4347.0,6400.0,0.47228,1.4722797331,0.3868120384,0.3868120384,7.0,168.0,4H,True,False,2020-03-19 23:59:59.999000+00:00,raw_leg
L00056,up,E00248,E00252,2020-03-20 20:00:00+00:00,2020-05-07 20:00:00+00:00,5650.0,10080.0,0.784071,1.7840707965,0.5788977175,0.5788977175,48.0,1152.0,4H,True,False,2020-05-10 23:59:59.999000+00:00,raw_leg
L00057,down,E00252,E00254,2020-05-07 20:00:00+00:00,2020-05-11 16:00:00+00:00,10080.0,8151.12,-0.191357,1.2366398728,-0.2123979215,0.2123979215,3.833333,92.0,4H,True,False,2020-05-14 23:59:59.999000+00:00,raw_leg
L00058,up,E00254,E00255,2020-05-11 16:00:00+00:00,2020-08-17 16:00:00+00:00,8151.12,12499.42,0.53346,1.5334604324,0.4275269021,0.4275269021,98.0,2352.0,4H,True,False,2020-09-03 23:59:59.999000+00:00,raw_leg
L00059,down,E00255,E00258,2020-08-17 16:00:00+00:00,2020-09-05 16:00:00+00:00,12499.42,9808.58,-0.215277,1.2743353268,-0.2424247304,0.2424247304,19.0,456.0,4H,True,False,2020-10-19 23:59:59.999000+00:00,raw_leg
L00060,up,E00258,E00259,2020-09-05 16:00:00+00:00,2020-11-25 12:00:00+00:00,9808.58,19554.19,0.99358,1.9935801105,0.6899320729,0.6899320729,80.833333,1940.0,4H,True,False,2020-11-26 23:59:59.999000+00:00,raw_leg
L00061,up,E00262,E00276,2020-11-27 12:00:00+00:00,2021-01-03 04:00:00+00:00,16444.83,34832.25,1.118128,2.1181277034,0.7505325397,0.7505325397,36.666667,880.0,4H,True,False,2021-01-04 23:59:59.999000+00:00,raw_leg
L00062,up,E00279,E00282,2021-01-05 04:00:00+00:00,2021-01-08 12:00:00+00:00,29900.0,42125.51,0.40888,1.4088799331,0.342795015,0.342795015,3.333333,80.0,4H,True,False,2021-01-11 23:59:59.999000+00:00,raw_leg
L00063,down,E00282,E00285,2021-01-08 12:00:00+00:00,2021-01-13 00:00:00+00:00,42125.51,32420.0,-0.230395,1.2993679827,-0.2618779791,0.2618779791,4.5,108.0,4H,True,False,2021-01-14 23:59:59.999000+00:00,raw_leg
L00064,up,E00285,E00286,2021-01-13 00:00:00+00:00,2021-01-14 12:00:00+00:00,32420.0,40189.39,0.239648,1.2396480568,0.2148275141,0.2148275141,1.5,36.0,4H,True,False,2021-01-20 23:59:59.999000+00:00,raw_leg
L00065,down,E00286,E00289,2021-01-14 12:00:00+00:00,2021-01-22 00:00:00+00:00,40189.39,28880.0,-0.281402,1.3915993767,-0.3304537164,0.3304537164,7.5,180.0,4H,True,False,2021-01-25 23:59:59.999000+00:00,raw_leg
L00066,up,E00289,E00290,2021-01-22 00:00:00+00:00,2021-01-29 12:00:00+00:00,28880.0,38641.1,0.337988,1.3379882271,0.2911671628,0.2911671628,7.5,180.0,4H,True,False,2021-01-29 23:59:59.999000+00:00,raw_leg
L00067,down,E00290,E00293,2021-01-29 12:00:00+00:00,2021-01-31 16:00:00+00:00,38641.1,32193.04,-0.166871,1.2002936038,-0.1825661967,0.1825661967,2.166667,52.0,4H,True,False,2021-02-04 23:59:59.999000+00:00,raw_leg
L00068,up,E00293,E00295,2021-01-31 16:00:00+00:00,2021-02-08 20:00:00+00:00,32193.04,47146.0,0.464478,1.4644780362,0.3814988897,0.3814988897,8.166667,196.0,4H,True,False,2021-02-08 23:59:59.999000+00:00,raw_leg
L00069,up,E00304,E00308,2021-02-10 12:00:00+00:00,2021-02-21 16:00:00+00:00,43770.0,58472.14,0.335895,1.3358953621,0.2896017503,0.2896017503,11.166667,268.0,4H,True,False,2021-02-22 23:59:59.999000+00:00,raw_leg
L00070,down,E00308,E00314,2021-02-21 16:00:00+00:00,2021-02-28 16:00:00+00:00,58472.14,43002.05,-0.264572,1.3597523839,-0.3073026125,0.3073026125,7.0,168.0,4H,True,False,2021-03-03 23:59:59.999000+00:00,raw_leg
L00071,up,E00314,E00316,2021-02-28 16:00:00+00:00,2021-03-13 20:00:00+00:00,43002.05,61950.0,0.440629,1.4406289933,0.3650798191,0.3650798191,13.166667,316.0,4H,True,False,2021-03-25 23:59:59.999000+00:00,raw_leg
L00072,down,E00316,E00318,2021-03-13 20:00:00+00:00,2021-03-26 00:00:00+00:00,61950.0,51260.0,-0.172559,1.2085446742,-0.1894168871,0.1894168871,12.166667,292.0,4H,True,False,2021-04-10 23:59:59.999000+00:00,raw_leg
L00073,up,E00318,E00321,2021-03-26 00:00:00+00:00,2021-04-14 04:00:00+00:00,51260.0,64986.11,0.267774,1.2677742879,0.2372628338,0.2372628338,19.166667,460.0,4H,True,False,2021-04-18 23:59:59.999000+00:00,raw_leg
L00074,down,E00321,E00327,2021-04-14 04:00:00+00:00,2021-04-25 20:00:00+00:00,64986.11,46930.43,-0.277839,1.3847328908,-0.3255072624,0.3255072624,11.666667,280.0,4H,True,False,2021-04-28 23:59:59.999000+00:00,raw_leg
L00075,up,E00327,E00328,2021-04-25 20:00:00+00:00,2021-05-10 04:00:00+00:00,46930.43,59654.0,0.271116,1.271115564,0.2398949118,0.2398949118,14.333333,344.0,4H,True,False,2021-05-12 23:59:59.999000+00:00,raw_leg
L00076,down,E00328,E00333,2021-05-10 04:00:00+00:00,2021-05-19 12:00:00+00:00,59654.0,28688.0,-0.519093,2.0794060234,-0.7320822873,0.7320822873,9.333333,224.0,4H,True,False,2021-05-19 23:59:59.999000+00:00,raw_leg
L00077,up,E00333,E00337,2021-05-19 12:00:00+00:00,2021-05-21 00:00:00+00:00,28688.0,42270.42,0.473453,1.4734530117,0.3876086338,0.3876086338,1.5,36.0,4H,True,False,2021-05-22 23:59:59.999000+00:00,raw_leg
L00078,down,E00337,E00339,2021-05-21 00:00:00+00:00,2021-05-23 16:00:00+00:00,42270.42,31096.7,-0.264339,1.3593217287,-0.3069858464,0.3069858464,2.666667,64.0,4H,True,False,2021-05-23 23:59:59.999000+00:00,raw_leg
L00079,up,E00339,E00340,2021-05-23 16:00:00+00:00,2021-05-26 08:00:00+00:00,31096.7,40900.0,0.315252,1.3152521007,0.2740283588,0.2740283588,2.666667,64.0,4H,True,False,2021-05-29 23:59:59.999000+00:00,raw_leg
L00080,down,E00340,E00344,2021-05-26 08:00:00+00:00,2021-06-08 12:00:00+00:00,40900.0,30969.0,-0.242812,1.3206755142,-0.2781433589,0.2781433589,13.166667,316.0,4H,True,False,2021-06-09 23:59:59.999000+00:00,raw_leg
L00081,up,E00344,E00345,2021-06-08 12:00:00+00:00,2021-06-15 16:00:00+00:00,30969.0,41413.0,0.33724,1.3372404663,0.2906081371,0.2906081371,7.166667,172.0,4H,True,False,2021-06-20 23:59:59.999000+00:00,raw_leg
L00082,down,E00345,E00348,2021-06-15 16:00:00+00:00,2021-06-22 12:00:00+00:00,41413.0,28780.01,-0.305049,1.4389501602,-0.3639137923,0.3639137923,6.833333,164.0,4H,True,False,2021-06-23 23:59:59.999000+00:00,raw_leg
L00083,up,E00348,E00349,2021-06-22 12:00:00+00:00,2021-06-29 16:00:00+00:00,28780.01,36623.0,0.272515,1.2725151937,0.2409954094,0.2409954094,7.166667,172.0,4H,True,False,2021-07-19 23:59:59.999000+00:00,raw_leg
L00084,down,E00349,E00351,2021-06-29 16:00:00+00:00,2021-07-20 12:00:00+00:00,36623.0,29242.24,-0.201533,1.2524006369,-0.225062219,0.225062219,20.833333,500.0,4H,True,False,2021-07-25 23:59:59.999000+00:00,raw_leg
L00085,up,E00351,E00352,2021-07-20 12:00:00+00:00,2021-07-26 00:00:00+00:00,29242.24,48168.6,0.647227,1.6472267514,0.4990931172,0.4990931172,5.5,132.0,4H,True,False,2021-07-26 23:59:59.999000+00:00,raw_leg
L00086,down,E00352,E00354,2021-07-26 00:00:00+00:00,2021-07-27 00:00:00+00:00,48168.6,36384.31,-0.244647,1.3238838389,-0.2805697187,0.2805697187,1.0,24.0,4H,True,False,2021-08-07 23:59:59.999000+00:00,raw_leg
L00087,up,E00354,E00355,2021-07-27 00:00:00+00:00,2021-09-07 00:00:00+00:00,36384.31,52950.0,0.455298,1.4552976269,0.3752104343,0.3752104343,42.0,1008.0,4H,True,False,2021-09-07 23:59:59.999000+00:00,raw_leg
L00088,down,E00355,E00361,2021-09-07 00:00:00+00:00,2021-09-21 20:00:00+00:00,52950.0,39503.58,-0.253946,1.3403848461,-0.2929567713,0.2929567713,14.833333,356.0,4H,True,False,2021-10-01 23:59:59.999000+00:00,raw_leg
L00089,up,E00361,E00366,2021-09-21 20:00:00+00:00,2021-11-10 12:00:00+00:00,39503.58,69198.7,0.751707,1.7517070605,0.5605907756,0.5605907756,49.666667,1192.0,4H,True,False,2021-11-18 23:59:59.999000+00:00,raw_leg
L00090,down,E00366,E00382,2021-11-10 12:00:00+00:00,2022-01-24 12:00:00+00:00,69198.7,32853.83,-0.525225,2.1062597572,-0.7449137476,0.7449137476,75.0,1800.0,4H,True,False,2022-02-04 23:59:59.999000+00:00,raw_leg
L00091,up,E00382,E00383,2022-01-24 12:00:00+00:00,2022-02-10 16:00:00+00:00,32853.83,45847.5,0.395499,1.3954993984,0.3332523429,0.3332523429,17.166667,412.0,4H,True,False,2022-02-20 23:59:59.999000+00:00,raw_leg
L00092,down,E00383,E00387,2022-02-10 16:00:00+00:00,2022-02-24 04:00:00+00:00,45847.5,34303.7,-0.251787,1.3365176351,-0.2900674515,0.2900674515,13.5,324.0,4H,True,False,2022-02-28 23:59:59.999000+00:00,raw_leg
L00093,up,E00387,E00388,2022-02-24 04:00:00+00:00,2022-03-02 12:00:00+00:00,34303.7,45350.0,0.322015,1.3220148264,0.2791569565,0.2791569565,6.333333,152.0,4H,True,False,2022-03-07 23:59:59.999000+00:00,raw_leg
L00094,down,E00388,E00391,2022-03-02 12:00:00+00:00,2022-03-13 20:00:00+00:00,45350.0,37500.0,-0.173098,1.2093333333,-0.1900692436,0.1900692436,11.333333,272.0,4H,True,False,2022-03-25 23:59:59.999000+00:00,raw_leg
L00095,up,E00391,E00392,2022-03-13 20:00:00+00:00,2022-03-28 16:00:00+00:00,37500.0,48200.0,0.285333,1.2853333333,0.2510180881,0.2510180881,14.833333,356.0,4H,True,False,2022-04-11 23:59:59.999000+00:00,raw_leg
L00096,down,E00392,E00407,2022-03-28 16:00:00+00:00,2022-05-12 04:00:00+00:00,48200.0,26631.0,-0.44749,1.809920769,-0.5932830703,0.5932830703,44.5,1068.0,4H,True,False,2022-05-30 23:59:59.999000+00:00,raw_leg
L00097,up,E00407,E00408,2022-05-12 04:00:00+00:00,2022-05-31 16:00:00+00:00,26631.0,32427.5,0.21766,1.2176598701,0.1969308775,0.1969308775,19.5,468.0,4H,True,False,2022-06-12 23:59:59.999000+00:00,raw_leg
L00098,down,E00408,E00414,2022-05-31 16:00:00+00:00,2022-06-18 20:00:00+00:00,32427.5,17593.2,-0.45746,1.8431837301,-0.6114943645,0.6114943645,18.166667,436.0,4H,True,False,2022-06-21 23:59:59.999000+00:00,raw_leg
L00099,up,E00414,E00415,2022-06-18 20:00:00+00:00,2022-08-15 00:00:00+00:00,17593.2,25200.0,0.432372,1.4323715981,0.3593315308,0.3593315308,57.166667,1372.0,4H,True,False,2022-08-19 23:59:59.999000+00:00,raw_leg
L00100,down,E00415,E00422,2022-08-15 00:00:00+00:00,2022-09-07 00:00:00+00:00,25200.0,18500.0,-0.265873,1.3621621622,-0.3090732624,0.3090732624,23.0,552.0,4H,True,False,2022-09-12 23:59:59.999000+00:00,raw_leg
L00101,up,E00422,E00423,2022-09-07 00:00:00+00:00,2022-09-13 12:00:00+00:00,18500.0,22850.0,0.235135,1.2351351351,0.2111803853,0.2111803853,6.5,156.0,4H,True,False,2022-09-19 23:59:59.999000+00:00,raw_leg
L00102,down,E00423,E00432,2022-09-13 12:00:00+00:00,2022-11-21 20:00:00+00:00,22850.0,15443.2,-0.324149,1.4796156237,-0.3917823403,0.3917823403,69.333333,1664.0,4H,True,False,2023-01-12 23:59:59.999000+00:00,raw_leg
L00103,up,E00432,E00433,2022-11-21 20:00:00+00:00,2023-02-21 08:00:00+00:00,15443.2,25347.6,0.641344,1.641343763,0.495515274,0.495515274,91.5,2196.0,4H,True,False,2023-03-09 23:59:59.999000+00:00,raw_leg
L00104,down,E00433,E00435,2023-02-21 08:00:00+00:00,2023-03-10 08:00:00+00:00,25347.6,19521.6,-0.229844,1.2984386526,-0.2611625062,0.2611625062,17.0,408.0,4H,True,False,2023-03-13 23:59:59.999000+00:00,raw_leg
L00105,up,E00435,E00436,2023-03-10 08:00:00+00:00,2023-04-14 04:00:00+00:00,19521.6,31059.0,0.591007,1.5910068847,0.4643670766,0.4643670766,34.833333,836.0,4H,True,False,2023-05-12 23:59:59.999000+00:00,raw_leg
L00106,down,E00436,E00448,2023-04-14 04:00:00+00:00,2023-06-15 08:00:00+00:00,31059.0,24777.0,-0.20226,1.253541591,-0.225972818,0.225972818,62.166667,1492.0,4H,True,False,2023-06-21 23:59:59.999000+00:00,raw_leg
L00107,up,E00448,E00449,2023-06-15 08:00:00+00:00,2023-07-13 16:00:00+00:00,24777.0,31850.0,0.285466,1.2854663599,0.2511215785,0.2511215785,28.333333,680.0,4H,True,False,2023-08-17 23:59:59.999000+00:00,raw_leg
L00108,down,E00449,E00453,2023-07-13 16:00:00+00:00,2023-09-11 20:00:00+00:00,31850.0,24888.0,-0.218587,1.2797332048,-0.2466516224,0.2466516224,60.166667,1444.0,4H,True,False,2023-10-16 23:59:59.999000+00:00,raw_leg
L00109,up,E00453,E00454,2023-09-11 20:00:00+00:00,2023-10-23 20:00:00+00:00,24888.0,35981.9,0.445753,1.4457529733,0.3686302746,0.3686302746,42.0,1008.0,4H,True,False,2023-10-23 23:59:59.999000+00:00,raw_leg
L00110,up,E00456,E00457,2023-10-24 00:00:00+00:00,2024-01-11 12:00:00+00:00,32833.5,49027.5,0.493216,1.4932157705,0.4009320295,0.4009320295,79.5,1908.0,4H,True,False,2024-01-18 23:59:59.999000+00:00,raw_leg
L00111,down,E00457,E00461,2024-01-11 12:00:00+00:00,2024-01-23 12:00:00+00:00,49027.5,38545.0,-0.213809,1.271954858,-0.2405549753,0.2405549753,12.0,288.0,4H,True,False,2024-02-09 23:59:59.999000+00:00,raw_leg
L00112,up,E00461,E00468,2024-01-23 12:00:00+00:00,2024-03-14 04:00:00+00:00,38545.0,73881.4,0.916757,1.9167570372,0.6506347149,0.6506347149,50.666667,1216.0,4H,True,False,2024-03-20 23:59:59.999000+00:00,raw_leg
L00113,down,E00468,E00476,2024-03-14 04:00:00+00:00,2024-05-01 08:00:00+00:00,73881.4,56537.7,-0.234751,1.3067634516,-0.2675534325,0.2675534325,48.166667,1156.0,4H,True,False,2024-05-20 23:59:59.999000+00:00,raw_leg
L00114,up,E00476,E00477,2024-05-01 08:00:00+00:00,2024-06-07 12:00:00+00:00,56537.7,72144.0,0.276034,1.2760335139,0.2437564494,0.2437564494,37.166667,892.0,4H,True,False,2024-06-24 23:59:59.999000+00:00,raw_leg
L00115,down,E00477,E00483,2024-06-07 12:00:00+00:00,2024-07-05 04:00:00+00:00,72144.0,53329.5,-0.260791,1.3527972323,-0.3021744727,0.3021744727,27.666667,664.0,4H,True,False,2024-07-15 23:59:59.999000+00:00,raw_leg
L00116,up,E00483,E00484,2024-07-05 04:00:00+00:00,2024-07-29 12:00:00+00:00,53329.5,70081.0,0.314113,1.3141132019,0.273162067,0.273162067,24.333333,584.0,4H,True,False,2024-08-04 23:59:59.999000+00:00,raw_leg
L00117,down,E00484,E00486,2024-07-29 12:00:00+00:00,2024-08-05 04:00:00+00:00,70081.0,48888.0,-0.302407,1.4335010637,-0.3601197483,0.3601197483,6.666667,160.0,4H,True,False,2024-08-08 23:59:59.999000+00:00,raw_leg
L00118,up,E00486,E00487,2024-08-05 04:00:00+00:00,2024-08-25 20:00:00+00:00,48888.0,65175.4,0.333157,1.333157421,0.2875501295,0.2875501295,20.666667,496.0,4H,True,False,2024-09-06 23:59:59.999000+00:00,raw_leg
L00119,down,E00487,E00490,2024-08-25 20:00:00+00:00,2024-09-08 16:00:00+00:00,65175.4,53596.5,-0.177658,1.2160383607,-0.1955983297,0.1955983297,13.833333,332.0,4H,True,False,2024-09-23 23:59:59.999000+00:00,raw_leg
L00120,up,E00490,E00506,2024-09-08 16:00:00+00:00,2024-12-17 12:00:00+00:00,53596.5,108366.8,1.021901,2.0219006838,0.7040380016,0.7040380016,99.833333,2396.0,4H,True,False,2025-01-13 23:59:59.999000+00:00,raw_leg
L00121,down,E00506,E00513,2024-12-17 12:00:00+00:00,2025-02-28 08:00:00+00:00,108366.8,78200.2,-0.278375,1.3857611617,-0.3262495639,0.3262495639,72.833333,1748.0,4H,True,False,2025-03-02 23:59:59.999000+00:00,raw_leg
L00122,up,E00513,E00514,2025-02-28 08:00:00+00:00,2025-03-02 16:00:00+00:00,78200.2,94971.0,0.21446,1.2144598096,0.1942993767,0.1942993767,2.333333,56.0,4H,True,False,2025-03-10 23:59:59.999000+00:00,raw_leg
L00123,down,E00514,E00517,2025-03-02 16:00:00+00:00,2025-04-07 04:00:00+00:00,94971.0,74457.0,-0.216003,1.2755147266,-0.2433498043,0.2433498043,35.5,852.0,4H,True,False,2025-04-22 23:59:59.999000+00:00,raw_leg
L00124,up,E00517,E00529,2025-04-07 04:00:00+00:00,2025-10-06 16:00:00+00:00,74457.0,126208.5,0.695052,1.6950521778,0.5277135237,0.5277135237,182.5,4380.0,4H,True,False,2025-10-10 23:59:59.999000+00:00,raw_leg
L00125,down,E00529,E00542,2025-10-06 16:00:00+00:00,2025-11-21 12:00:00+00:00,126208.5,80600.0,-0.361374,1.5658622829,-0.4484366517,0.4484366517,45.833333,1100.0,4H,True,False,2026-01-13 23:59:59.999000+00:00,raw_leg
L00126,up,E00542,E00543,2025-11-21 12:00:00+00:00,2026-01-14 20:00:00+00:00,80600.0,97932.1,0.215038,1.2150384615,0.1947757319,0.1947757319,54.333333,1304.0,4H,True,False,2026-01-30 23:59:59.999000+00:00,raw_leg
L00127,down,E00543,E00550,2026-01-14 20:00:00+00:00,2026-02-06 00:00:00+00:00,97932.1,59800.0,-0.389373,1.6376605351,-0.4932687204,0.4932687204,22.166667,532.0,4H,True,False,2026-02-08 23:59:59.999000+00:00,raw_leg
L00128,up,E00550,E00551,2026-02-06 00:00:00+00:00,2026-05-06 08:00:00+00:00,59800.0,82828.7,0.385095,1.3850953177,0.3257689587,0.3257689587,89.333333,2144.0,4H,True,False,2026-06-02 23:59:59.999000+00:00,raw_leg
