correction_id,parent_impulse_id,direction,start_event_id,end_event_id,start_time,start_price,end_time,end_price,available_at_time,status,structural_status,confirmed_at,rejected_at,reason,is_open,correction_duration,parent_duration,time_ratio,merged_into_parent_id,rejection_or_acceptance_reason
SFC0001,SFI0001,down,E00010,E00018,2017-09-02T00:00:00+00:00,4939.19,2017-09-14T00:00:00+00:00,3165.13,2017-09-14T23:59:59.999000+00:00,accepted,correction_accepted,2017-09-12T00:00:00+00:00,,fib_deadline_reached_without_new_parent_extreme,False,12.0,10.0,1.2,,fib_deadline_reached_without_new_parent_extreme
SFC0002,SFI0002,up,E00012,E00013,2017-09-05T00:00:00+00:00,3603.0,2017-09-07T00:00:00+00:00,4788.59,2017-09-14T23:59:59.999000+00:00,rejected,correction_rejected,,2017-09-14T00:00:00+00:00,new_parent_extreme_before_fib_deadline,False,2.0,3.0,0.66666667,SFI0002,new_parent_extreme_before_fib_deadline
SFC0003,SFI0002,down,E00013,E00018,2017-09-07T00:00:00+00:00,4788.59,2017-09-14T00:00:00+00:00,3165.13,2017-11-10T23:59:59.999000+00:00,accepted,correction_accepted,2017-09-17T00:00:00+00:00,,fib_deadline_reached_without_new_parent_extreme,False,7.0,2.0,3.5,,fib_deadline_reached_without_new_parent_extreme
SFC0004,SFI0003,up,E00018,E00038,2017-09-14T00:00:00+00:00,3165.13,2017-11-08T00:00:00+00:00,7770.02,2017-11-10T23:59:59.999000+00:00,rejected,correction_rejected,,2017-09-15T00:00:00+00:00,new_parent_extreme_before_fib_deadline,False,55.0,7.0,7.85714286,SFI0003,new_parent_extreme_before_fib_deadline
SFC0005,SFI0003,down,E00038,E00041,2017-11-08T00:00:00+00:00,7770.02,2017-11-12T00:00:00+00:00,5325.01,2017-11-29T23:59:59.999000+00:00,rejected,correction_rejected,,2017-11-16T00:00:00+00:00,new_parent_extreme_before_fib_deadline,False,4.0,55.0,0.07272727,SFI0003,new_parent_extreme_before_fib_deadline
SFC0006,SFI0003,up,E00041,E00052,2017-11-12T00:00:00+00:00,5325.01,2017-11-29T00:00:00+00:00,11300.03,2017-11-29T23:59:59.999000+00:00,accepted,correction_accepted,2017-11-22T00:00:00+00:00,,fib_deadline_reached_without_new_parent_extreme,False,17.0,4.0,4.25,,fib_deadline_reached_without_new_parent_extreme
SFC0007,SFI0004,down,E00052,E00054,2017-11-29T00:00:00+00:00,11300.03,2017-11-30T00:00:00+00:00,8850.8,2017-12-07T23:59:59.999000+00:00,rejected,correction_rejected,,2017-12-03T00:00:00+00:00,new_parent_extreme_before_fib_deadline,False,1.0,17.0,0.05882353,SFI0004,new_parent_extreme_before_fib_deadline
SFC0008,SFI0004,up,E00054,E00059,2017-11-30T00:00:00+00:00,8850.8,2017-12-07T00:00:00+00:00,16649.96,2017-12-10T23:59:59.999000+00:00,accepted,correction_accepted,2017-12-10T00:00:00+00:00,,fib_deadline_reached_without_new_parent_extreme,False,7.0,1.0,7.0,,fib_deadline_reached_without_new_parent_extreme
SFC0009,SFI0005,down,E00059,E00065,2017-12-07T00:00:00+00:00,16649.96,2017-12-10T00:00:00+00:00,12368.0,2017-12-10T23:59:59.999000+00:00,rejected,correction_rejected,,2017-12-08T00:00:00+00:00,new_parent_extreme_before_fib_deadline,False,3.0,7.0,0.42857143,SFI0005,new_parent_extreme_before_fib_deadline
SFC0010,SFI0005,up,E00065,E00070,2017-12-10T00:00:00+00:00,12368.0,2017-12-17T00:00:00+00:00,19798.68,2017-12-25T23:59:59.999000+00:00,accepted,correction_accepted,2017-12-20T00:00:00+00:00,,fib_deadline_reached_without_new_parent_extreme,False,7.0,3.0,2.33333333,,fib_deadline_reached_without_new_parent_extreme
SFC0011,SFI0006,down,E00070,E00077,2017-12-17T00:00:00+00:00,19798.68,2017-12-24T00:00:00+00:00,11640.0,2017-12-28T23:59:59.999000+00:00,accepted,correction_accepted,2017-12-27T00:00:00+00:00,,fib_deadline_reached_without_new_parent_extreme,False,7.0,7.0,1.0,,fib_deadline_reached_without_new_parent_extreme
SFC0012,SFI0007,up,E00077,E00078,2017-12-24T00:00:00+00:00,11640.0,2017-12-27T00:00:00+00:00,16498.05,2018-01-02T23:59:59.999000+00:00,accepted,correction_accepted,2018-01-03T00:00:00+00:00,,fib_deadline_reached_without_new_parent_extreme,False,3.0,7.0,0.42857143,,fib_deadline_reached_without_new_parent_extreme
SFC0013,SFI0008,down,E00078,E00081,2017-12-27T00:00:00+00:00,16498.05,2017-12-30T00:00:00+00:00,11750.0,2018-01-08T23:59:59.999000+00:00,rejected,correction_rejected,,2018-01-05T00:00:00+00:00,new_parent_extreme_before_fib_deadline,False,3.0,3.0,1.0,SFI0008,new_parent_extreme_before_fib_deadline
SFC0014,SFI0008,up,E00081,E00086,2017-12-30T00:00:00+00:00,11750.0,2018-01-05T00:00:00+00:00,17176.24,2018-01-17T23:59:59.999000+00:00,accepted,correction_accepted,2018-01-09T00:00:00+00:00,,fib_deadline_reached_without_new_parent_extreme,False,6.0,3.0,2.0,,fib_deadline_reached_without_new_parent_extreme
SFC0015,SFI0009,down,E00086,E00093,2018-01-05T00:00:00+00:00,17176.24,2018-01-17T00:00:00+00:00,9037.94,2018-01-17T23:59:59.999000+00:00,accepted,correction_accepted,2018-01-15T00:00:00+00:00,,fib_deadline_reached_without_new_parent_extreme,False,12.0,1.0,12.0,,fib_deadline_reached_without_new_parent_extreme
SFC0016,SFI0010,up,E00093,E00094,2018-01-17T00:00:00+00:00,9037.94,2018-01-20T00:00:00+00:00,13099.0,2018-01-30T23:59:59.999000+00:00,accepted,correction_accepted,2018-01-27T00:00:00+00:00,,fib_deadline_reached_without_new_parent_extreme,False,3.0,12.0,0.25,,fib_deadline_reached_without_new_parent_extreme
SFC0017,SFI0011,down,E00094,E00103,2018-01-20T00:00:00+00:00,13099.0,2018-02-05T00:00:00+00:00,6625.0,2018-02-05T23:59:59.999000+00:00,accepted,correction_accepted,2018-01-30T00:00:00+00:00,,fib_deadline_reached_without_new_parent_extreme,False,16.0,3.0,5.33333333,,fib_deadline_reached_without_new_parent_extreme
SFC0018,SFI0012,up,E00096,E00097,2018-01-23T00:00:00+00:00,9905.0,2018-01-28T00:00:00+00:00,12244.0,2018-02-05T23:59:59.999000+00:00,rejected,correction_rejected,,2018-01-30T00:00:00+00:00,new_parent_extreme_before_fib_deadline,False,5.0,3.0,1.66666667,SFI0012,new_parent_extreme_before_fib_deadline
SFC0019,SFI0012,down,E00097,E00103,2018-01-28T00:00:00+00:00,12244.0,2018-02-05T00:00:00+00:00,6625.0,2018-02-22T23:59:59.999000+00:00,accepted,correction_accepted,2018-02-07T00:00:00+00:00,,fib_deadline_reached_without_new_parent_extreme,False,8.0,5.0,1.6,,fib_deadline_reached_without_new_parent_extreme
SFC0020,SFI0013,up,E00103,E00107,2018-02-05T00:00:00+00:00,6625.0,2018-02-20T00:00:00+00:00,11786.01,2018-02-22T23:59:59.999000+00:00,rejected,correction_rejected,,2018-02-06T00:00:00+00:00,new_parent_extreme_before_fib_deadline,False,15.0,8.0,1.875,SFI0013,new_parent_extreme_before_fib_deadline
SFC0021,SFI0013,down,E00107,E00111,2018-02-20T00:00:00+00:00,11786.01,2018-02-25T00:00:00+00:00,9274.8,2018-03-07T23:59:59.999000+00:00,accepted,correction_accepted,2018-03-02T00:00:00+00:00,,fib_deadline_reached_without_new_parent_extreme,False,5.0,15.0,0.33333333,,fib_deadline_reached_without_new_parent_extreme
SFC0022,SFI0014,up,E00111,E00112,2018-02-25T00:00:00+00:00,9274.8,2018-03-05T00:00:00+00:00,11710.0,2018-03-20T23:59:59.999000+00:00,accepted,correction_accepted,2018-03-07T00:00:00+00:00,,fib_deadline_reached_without_new_parent_extreme,False,8.0,5.0,1.6,,fib_deadline_reached_without_new_parent_extreme
SFC0023,SFI0015,down,E00112,E00118,2018-03-05T00:00:00+00:00,11710.0,2018-03-18T00:00:00+00:00,7322.0,2018-03-20T23:59:59.999000+00:00,accepted,correction_accepted,2018-03-15T00:00:00+00:00,,fib_deadline_reached_without_new_parent_extreme,False,13.0,8.0,1.625,,fib_deadline_reached_without_new_parent_extreme
SFC0024,SFI0016,up,E00118,E00119,2018-03-18T00:00:00+00:00,7322.0,2018-03-21T00:00:00+00:00,9177.01,2018-04-12T23:59:59.999000+00:00,accepted,correction_accepted,2018-03-28T00:00:00+00:00,,fib_deadline_reached_without_new_parent_extreme,False,3.0,13.0,0.23076923,,fib_deadline_reached_without_new_parent_extreme
SFC0025,SFI0017,down,E00119,E00122,2018-03-21T00:00:00+00:00,9177.01,2018-04-01T00:00:00+00:00,6430.0,2018-04-12T23:59:59.999000+00:00,accepted,correction_accepted,2018-03-31T00:00:00+00:00,,fib_deadline_reached_without_new_parent_extreme,False,11.0,3.0,3.66666667,,fib_deadline_reached_without_new_parent_extreme
SFC0026,SFI0018,up,E00122,E00123,2018-04-01T00:00:00+00:00,6430.0,2018-05-05T00:00:00+00:00,10020.0,2018-05-11T23:59:59.999000+00:00,accepted,correction_accepted,2018-04-11T00:00:00+00:00,,fib_deadline_reached_without_new_parent_extreme,False,34.0,11.0,3.09090909,,fib_deadline_reached_without_new_parent_extreme
SFC0027,SFI0019,down,E00123,E00139,2018-05-05T00:00:00+00:00,10020.0,2018-06-24T00:00:00+00:00,5750.0,2018-07-17T23:59:59.999000+00:00,accepted,correction_accepted,2018-05-17T23:42:43.200000+00:00,,fib_deadline_reached_without_new_parent_extreme,False,50.0,34.0,1.47058824,,fib_deadline_reached_without_new_parent_extreme
SFC0028,SFI0020,up,E00139,E00140,2018-06-24T00:00:00+00:00,5750.0,2018-07-25T00:00:00+00:00,8491.77,2018-08-04T23:59:59.999000+00:00,accepted,correction_accepted,2018-07-13T02:24:00+00:00,,fib_deadline_reached_without_new_parent_extreme,False,31.0,50.0,0.62,,fib_deadline_reached_without_new_parent_extreme
SFC0029,SFI0021,down,E00140,E00148,2018-07-25T00:00:00+00:00,8491.77,2018-08-14T00:00:00+00:00,5880.0,2018-08-28T23:59:59.999000+00:00,accepted,correction_accepted,2018-08-05T20:12:28.800000+00:00,,fib_deadline_reached_without_new_parent_extreme,False,20.0,31.0,0.64516129,,fib_deadline_reached_without_new_parent_extreme
SFC0030,SFI0022,up,E00148,E00149,2018-08-14T00:00:00+00:00,5880.0,2018-09-04T00:00:00+00:00,7410.0,2018-09-08T23:59:59.999000+00:00,accepted,correction_accepted,2018-08-24T00:00:00+00:00,,fib_deadline_reached_without_new_parent_extreme,False,21.0,20.0,1.05,,fib_deadline_reached_without_new_parent_extreme
SFC0031,SFI0023,down,E00149,E00152,2018-09-04T00:00:00+00:00,7410.0,2018-09-19T00:00:00+00:00,6123.0,2018-10-15T23:59:59.999000+00:00,accepted,correction_accepted,2018-09-14T00:00:00+00:00,,fib_deadline_reached_without_new_parent_extreme,False,15.0,21.0,0.71428571,,fib_deadline_reached_without_new_parent_extreme
SFC0032,SFI0024,up,E00152,E00153,2018-09-19T00:00:00+00:00,6123.0,2018-10-15T00:00:00+00:00,7680.0,2018-10-29T23:59:59.999000+00:00,accepted,correction_accepted,2018-09-29T00:00:00+00:00,,fib_deadline_reached_without_new_parent_extreme,False,26.0,15.0,1.73333333,,fib_deadline_reached_without_new_parent_extreme
SFC0033,SFI0025,down,E00153,E00163,2018-10-15T00:00:00+00:00,7680.0,2018-11-25T00:00:00+00:00,3652.66,2018-11-28T23:59:59.999000+00:00,accepted,correction_accepted,2018-10-25T00:00:00+00:00,,fib_deadline_reached_without_new_parent_extreme,False,41.0,26.0,1.57692308,,fib_deadline_reached_without_new_parent_extreme
SFC0034,SFI0026,up,E00163,E00164,2018-11-25T00:00:00+00:00,3652.66,2018-11-29T00:00:00+00:00,4450.38,2018-12-19T23:59:59.999000+00:00,rejected,correction_rejected,,2018-12-06T00:00:00+00:00,new_parent_extreme_before_fib_deadline,False,4.0,41.0,0.09756098,SFI0026,new_parent_extreme_before_fib_deadline
SFC0035,SFI0026,down,E00164,E00169,2018-11-29T00:00:00+00:00,4450.38,2018-12-15T00:00:00+00:00,3156.26,2018-12-19T23:59:59.999000+00:00,accepted,correction_accepted,2018-12-09T00:00:00+00:00,,fib_deadline_reached_without_new_parent_extreme,False,16.0,4.0,4.0,,fib_deadline_reached_without_new_parent_extreme
SFC0036,SFI0027,up,E00169,E00170,2018-12-15T00:00:00+00:00,3156.26,2018-12-24T00:00:00+00:00,4198.0,2019-02-23T23:59:59.999000+00:00,accepted,correction_accepted,2018-12-25T00:00:00+00:00,,fib_deadline_reached_without_new_parent_extreme,False,9.0,16.0,0.5625,,fib_deadline_reached_without_new_parent_extreme
SFC0037,SFI0028,down,E00170,E00176,2018-12-24T00:00:00+00:00,4198.0,2019-01-29T00:00:00+00:00,3349.92,2019-02-23T23:59:59.999000+00:00,accepted,correction_accepted,2019-01-03T00:00:00+00:00,,fib_deadline_reached_without_new_parent_extreme,False,36.0,9.0,4.0,,fib_deadline_reached_without_new_parent_extreme
SFC0038,SFI0029,up,E00176,E00177,2019-01-29T00:00:00+00:00,3349.92,2019-05-14T00:00:00+00:00,8366.0,2019-05-17T23:59:59.999000+00:00,accepted,correction_accepted,2019-02-11T18:02:52.800000+00:00,,fib_deadline_reached_without_new_parent_extreme,False,105.0,36.0,2.91666667,,fib_deadline_reached_without_new_parent_extreme
SFC0039,SFI0030,down,E00180,E00183,2019-05-30T00:00:00+00:00,9074.26,2019-06-06T00:00:00+00:00,7444.58,2019-06-27T23:59:59.999000+00:00,accepted,correction_accepted,2019-06-09T00:00:00+00:00,,fib_deadline_reached_without_new_parent_extreme,False,7.0,12.0,0.58333333,,fib_deadline_reached_without_new_parent_extreme
SFC0040,SFI0031,up,E00183,E00184,2019-06-06T00:00:00+00:00,7444.58,2019-06-26T00:00:00+00:00,13970.0,2019-06-27T23:59:59.999000+00:00,accepted,correction_accepted,2019-06-16T00:00:00+00:00,,fib_deadline_reached_without_new_parent_extreme,False,20.0,7.0,2.85714286,,fib_deadline_reached_without_new_parent_extreme
SFC0041,SFI0032,down,E00184,E00189,2019-06-26T00:00:00+00:00,13970.0,2019-07-02T00:00:00+00:00,9727.0,2019-07-13T23:59:59.999000+00:00,accepted,correction_accepted,2019-07-06T00:00:00+00:00,,fib_deadline_reached_without_new_parent_extreme,False,6.0,20.0,0.3,,fib_deadline_reached_without_new_parent_extreme
SFC0042,SFI0033,up,E00189,E00190,2019-07-02T00:00:00+00:00,9727.0,2019-07-10T00:00:00+00:00,13147.08,2019-07-20T23:59:59.999000+00:00,accepted,correction_accepted,2019-07-12T00:00:00+00:00,,fib_deadline_reached_without_new_parent_extreme,False,8.0,6.0,1.33333333,,fib_deadline_reached_without_new_parent_extreme
SFC0043,SFI0034,down,E00190,E00195,2019-07-10T00:00:00+00:00,13147.08,2019-07-17T00:00:00+00:00,9060.0,2019-07-28T23:59:59.999000+00:00,accepted,correction_accepted,2019-07-20T00:00:00+00:00,,fib_deadline_reached_without_new_parent_extreme,False,7.0,8.0,0.875,,fib_deadline_reached_without_new_parent_extreme
SFC0044,SFI0035,up,E00195,E00196,2019-07-17T00:00:00+00:00,9060.0,2019-07-20T00:00:00+00:00,11068.99,2019-07-28T23:59:59.999000+00:00,accepted,correction_accepted,2019-07-27T00:00:00+00:00,,fib_deadline_reached_without_new_parent_extreme,False,3.0,7.0,0.42857143,,fib_deadline_reached_without_new_parent_extreme
SFC0045,SFI0036,down,E00199,E00210,2019-08-06T00:00:00+00:00,12330.7,2019-10-23T16:00:00+00:00,7172.76,2019-10-25T23:59:59.999000+00:00,accepted,correction_accepted,2019-08-16T00:00:00+00:00,,fib_deadline_reached_without_new_parent_extreme,False,78.66666667,8.0,9.83333333,,fib_deadline_reached_without_new_parent_extreme
SFC0046,SFI0037,up,E00210,E00211,2019-10-23T16:00:00+00:00,7172.76,2019-10-26T00:00:00+00:00,10408.48,2019-11-29T23:59:59.999000+00:00,rejected,correction_rejected,,2019-11-22T08:00:00+00:00,new_parent_extreme_before_fib_deadline,False,2.33333333,78.666667,0.02966102,SFI0037,new_parent_extreme_before_fib_deadline
SFC0047,SFI0037,down,E00211,E00227,2019-10-26T00:00:00+00:00,10408.48,2019-11-25T04:00:00+00:00,6510.19,2019-11-29T23:59:59.999000+00:00,accepted,correction_accepted,2019-11-05T00:00:00+00:00,,fib_deadline_reached_without_new_parent_extreme,False,30.16666667,2.333333,12.92857328,,fib_deadline_reached_without_new_parent_extreme
SFC0048,SFI0038,up,E00227,E00228,2019-11-25T04:00:00+00:00,6510.19,2019-11-29T16:00:00+00:00,7850.0,2019-12-18T23:59:59.999000+00:00,accepted,correction_accepted,2019-12-06T16:34:04.811001600+00:00,,fib_deadline_reached_without_new_parent_extreme,False,4.5,30.166667,0.14917127,,fib_deadline_reached_without_new_parent_extreme
SFC0049,SFI0039,down,E00233,E00241,2020-02-13T12:00:00+00:00,10540.0,2020-03-12T20:00:00+00:00,4347.0,2020-03-12T23:59:59.999000+00:00,accepted,correction_accepted,2020-02-29T08:28:19.200000+00:00,,fib_deadline_reached_without_new_parent_extreme,False,28.33333333,41.5,0.68273092,,fib_deadline_reached_without_new_parent_extreme
SFC0050,SFI0040,up,E00241,E00246,2020-03-12T20:00:00+00:00,4347.0,2020-03-19T20:00:00+00:00,6400.0,2020-03-19T23:59:59.999000+00:00,rejected,correction_rejected,,2020-03-13T00:00:00+00:00,new_parent_extreme_before_fib_deadline,False,7.0,28.333333,0.24705883,SFI0040,new_parent_extreme_before_fib_deadline
SFC0051,SFI0040,down,E00252,E00254,2020-05-07T20:00:00+00:00,10080.0,2020-05-11T16:00:00+00:00,8151.12,2020-09-03T23:59:59.999000+00:00,accepted,correction_accepted,2020-05-26T04:03:50.400000+00:00,,fib_deadline_reached_without_new_parent_extreme,False,3.83333333,48.0,0.07986111,,fib_deadline_reached_without_new_parent_extreme
SFC0052,SFI0041,up,E00254,E00255,2020-05-11T16:00:00+00:00,8151.12,2020-08-17T16:00:00+00:00,12499.42,2020-09-03T23:59:59.999000+00:00,accepted,correction_accepted,2020-05-21T16:00:00+00:00,,fib_deadline_reached_without_new_parent_extreme,False,98.0,3.833333,25.56521961,,fib_deadline_reached_without_new_parent_extreme
SFC0053,SFI0042,down,E00255,E00258,2020-08-17T16:00:00+00:00,12499.42,2020-09-05T16:00:00+00:00,9808.58,2020-11-26T23:59:59.999000+00:00,accepted,correction_accepted,2020-09-24T02:27:50.400000+00:00,,fib_deadline_reached_without_new_parent_extreme,False,19.0,98.0,0.19387755,,fib_deadline_reached_without_new_parent_extreme
SFC0054,SFI0043,up,E00258,E00259,2020-09-05T16:00:00+00:00,9808.58,2020-11-25T12:00:00+00:00,19554.19,2020-11-26T23:59:59.999000+00:00,accepted,correction_accepted,2020-09-15T16:00:00+00:00,,fib_deadline_reached_without_new_parent_extreme,False,80.83333333,19.0,4.25438596,,fib_deadline_reached_without_new_parent_extreme
SFC0055,SFI0044,down,E00282,E00289,2021-01-08T12:00:00+00:00,42125.51,2021-01-22T00:00:00+00:00,28880.0,2021-01-25T23:59:59.999000+00:00,accepted,correction_accepted,2021-01-18T12:00:00+00:00,,fib_deadline_reached_without_new_parent_extreme,False,13.5,3.333333,4.05000041,,fib_deadline_reached_without_new_parent_extreme
SFC0056,SFI0045,up,E00285,E00286,2021-01-13T00:00:00+00:00,32420.0,2021-01-14T12:00:00+00:00,40189.39,2021-01-25T23:59:59.999000+00:00,rejected,correction_rejected,,2021-01-21T08:00:00+00:00,new_parent_extreme_before_fib_deadline,False,1.5,4.5,0.33333333,SFI0045,new_parent_extreme_before_fib_deadline
SFC0057,SFI0045,down,E00286,E00289,2021-01-14T12:00:00+00:00,40189.39,2021-01-22T00:00:00+00:00,28880.0,2021-01-29T23:59:59.999000+00:00,accepted,correction_accepted,2021-01-24T12:00:00+00:00,,fib_deadline_reached_without_new_parent_extreme,False,7.5,1.5,5.0,,fib_deadline_reached_without_new_parent_extreme
SFC0058,SFI0046,up,E00289,E00295,2021-01-22T00:00:00+00:00,28880.0,2021-02-08T20:00:00+00:00,47146.0,2021-02-08T23:59:59.999000+00:00,accepted,correction_accepted,2021-02-01T00:00:00+00:00,,fib_deadline_reached_without_new_parent_extreme,False,17.83333333,7.5,2.37777778,,fib_deadline_reached_without_new_parent_extreme
SFC0059,SFI0047,down,E00290,E00293,2021-01-29T12:00:00+00:00,38641.1,2021-01-31T16:00:00+00:00,32193.04,2021-02-08T23:59:59.999000+00:00,rejected,correction_rejected,,2021-02-04T08:00:00+00:00,new_parent_extreme_before_fib_deadline,False,2.16666667,7.5,0.28888889,SFI0047,new_parent_extreme_before_fib_deadline
SFC0060,SFI0047,up,E00293,E00308,2021-01-31T16:00:00+00:00,32193.04,2021-02-21T16:00:00+00:00,58472.14,2021-02-22T23:59:59.999000+00:00,accepted,correction_accepted,2021-02-10T16:00:00+00:00,,fib_deadline_reached_without_new_parent_extreme,False,21.0,2.166667,9.6923062,,fib_deadline_reached_without_new_parent_extreme
SFC0061,SFI0048,down,E00308,E00314,2021-02-21T16:00:00+00:00,58472.14,2021-02-28T16:00:00+00:00,43002.05,2021-03-25T23:59:59.999000+00:00,accepted,correction_accepted,2021-03-03T16:00:00+00:00,,fib_deadline_reached_without_new_parent_extreme,False,7.0,11.166667,0.62686565,,fib_deadline_reached_without_new_parent_extreme
SFC0062,SFI0049,up,E00314,E00316,2021-02-28T16:00:00+00:00,43002.05,2021-03-13T20:00:00+00:00,61950.0,2021-03-25T23:59:59.999000+00:00,accepted,correction_accepted,2021-03-10T16:00:00+00:00,,fib_deadline_reached_without_new_parent_extreme,False,13.16666667,7.0,1.88095238,,fib_deadline_reached_without_new_parent_extreme
SFC0063,SFI0050,down,E00316,E00318,2021-03-13T20:00:00+00:00,61950.0,2021-03-26T00:00:00+00:00,51260.0,2021-04-10T23:59:59.999000+00:00,accepted,correction_accepted,2021-03-23T20:00:00+00:00,,fib_deadline_reached_without_new_parent_extreme,False,12.16666667,13.166667,0.92405061,,fib_deadline_reached_without_new_parent_extreme
SFC0064,SFI0051,up,E00318,E00321,2021-03-26T00:00:00+00:00,51260.0,2021-04-14T04:00:00+00:00,64986.11,2021-04-18T23:59:59.999000+00:00,accepted,correction_accepted,2021-04-05T00:00:00+00:00,,fib_deadline_reached_without_new_parent_extreme,False,19.16666667,12.166667,1.57534242,,fib_deadline_reached_without_new_parent_extreme
SFC0065,SFI0052,down,E00321,E00327,2021-04-14T04:00:00+00:00,64986.11,2021-04-25T20:00:00+00:00,46930.43,2021-04-28T23:59:59.999000+00:00,accepted,correction_accepted,2021-04-24T04:00:00+00:00,,fib_deadline_reached_without_new_parent_extreme,False,11.66666667,19.166667,0.60869564,,fib_deadline_reached_without_new_parent_extreme
SFC0066,SFI0053,up,E00327,E00328,2021-04-25T20:00:00+00:00,46930.43,2021-05-10T04:00:00+00:00,59654.0,2021-05-12T23:59:59.999000+00:00,accepted,correction_accepted,2021-05-05T20:00:00+00:00,,fib_deadline_reached_without_new_parent_extreme,False,14.33333333,11.666667,1.22857139,,fib_deadline_reached_without_new_parent_extreme
SFC0067,SFI0054,down,E00328,E00333,2021-05-10T04:00:00+00:00,59654.0,2021-05-19T12:00:00+00:00,28688.0,2021-05-22T23:59:59.999000+00:00,accepted,correction_accepted,2021-05-20T04:00:00+00:00,,fib_deadline_reached_without_new_parent_extreme,False,9.33333333,14.333333,0.65116281,,fib_deadline_reached_without_new_parent_extreme
SFC0068,SFI0055,up,E00333,E00337,2021-05-19T12:00:00+00:00,28688.0,2021-05-21T00:00:00+00:00,42270.42,2021-06-09T23:59:59.999000+00:00,accepted,correction_accepted,2021-05-29T12:00:00+00:00,,fib_deadline_reached_without_new_parent_extreme,False,1.5,9.333333,0.16071429,,fib_deadline_reached_without_new_parent_extreme
SFC0069,SFI0056,down,E00337,E00344,2021-05-21T00:00:00+00:00,42270.42,2021-06-08T12:00:00+00:00,30969.0,2021-06-09T23:59:59.999000+00:00,accepted,correction_accepted,2021-05-31T00:00:00+00:00,,fib_deadline_reached_without_new_parent_extreme,False,18.5,1.5,12.33333333,,fib_deadline_reached_without_new_parent_extreme
SFC0070,SFI0057,up,E00339,E00340,2021-05-23T16:00:00+00:00,31096.7,2021-05-26T08:00:00+00:00,40900.0,2021-06-09T23:59:59.999000+00:00,accepted,correction_accepted,2021-06-02T16:00:00+00:00,,fib_deadline_reached_without_new_parent_extreme,False,2.66666667,2.666667,0.99999988,,fib_deadline_reached_without_new_parent_extreme
SFC0071,SFI0058,down,E00340,E00344,2021-05-26T08:00:00+00:00,40900.0,2021-06-08T12:00:00+00:00,30969.0,2021-06-09T23:59:59.999000+00:00,accepted,correction_accepted,2021-06-05T08:00:00+00:00,,fib_deadline_reached_without_new_parent_extreme,False,13.16666667,2.666667,4.93749938,,fib_deadline_reached_without_new_parent_extreme
SFC0072,SFI0059,up,E00344,E00345,2021-06-08T12:00:00+00:00,30969.0,2021-06-15T16:00:00+00:00,41413.0,2021-06-23T23:59:59.999000+00:00,accepted,correction_accepted,2021-06-18T12:00:00+00:00,,fib_deadline_reached_without_new_parent_extreme,False,7.16666667,13.166667,0.54430378,,fib_deadline_reached_without_new_parent_extreme
SFC0073,SFI0060,down,E00345,E00348,2021-06-15T16:00:00+00:00,41413.0,2021-06-22T12:00:00+00:00,28780.01,2021-07-19T23:59:59.999000+00:00,accepted,correction_accepted,2021-06-25T16:00:00+00:00,,fib_deadline_reached_without_new_parent_extreme,False,6.83333333,7.166667,0.95348833,,fib_deadline_reached_without_new_parent_extreme
SFC0074,SFI0061,up,E00348,E00349,2021-06-22T12:00:00+00:00,28780.01,2021-06-29T16:00:00+00:00,36623.0,2021-07-25T23:59:59.999000+00:00,accepted,correction_accepted,2021-07-02T12:00:00+00:00,,fib_deadline_reached_without_new_parent_extreme,False,7.16666667,6.833333,1.04878054,,fib_deadline_reached_without_new_parent_extreme
SFC0075,SFI0062,down,E00349,E00351,2021-06-29T16:00:00+00:00,36623.0,2021-07-20T12:00:00+00:00,29242.24,2021-07-25T23:59:59.999000+00:00,accepted,correction_accepted,2021-07-09T16:00:00+00:00,,fib_deadline_reached_without_new_parent_extreme,False,20.83333333,7.166667,2.90697661,,fib_deadline_reached_without_new_parent_extreme
SFC0076,SFI0063,up,E00351,E00355,2021-07-20T12:00:00+00:00,29242.24,2021-09-07T00:00:00+00:00,52950.0,2021-09-07T23:59:59.999000+00:00,accepted,correction_accepted,2021-07-30T12:00:00+00:00,,fib_deadline_reached_without_new_parent_extreme,False,48.5,20.833333,2.32800004,,fib_deadline_reached_without_new_parent_extreme
SFC0077,SFI0064,down,E00352,E00354,2021-07-26T00:00:00+00:00,48168.6,2021-07-27T00:00:00+00:00,36384.31,2021-09-07T23:59:59.999000+00:00,accepted,correction_accepted,2021-08-05T00:00:00+00:00,,fib_deadline_reached_without_new_parent_extreme,False,1.0,5.5,0.18181818,,fib_deadline_reached_without_new_parent_extreme
SFC0078,SFI0065,up,E00354,E00355,2021-07-27T00:00:00+00:00,36384.31,2021-09-07T00:00:00+00:00,52950.0,2021-09-07T23:59:59.999000+00:00,accepted,correction_accepted,2021-08-06T00:00:00+00:00,,fib_deadline_reached_without_new_parent_extreme,False,42.0,1.0,42.0,,fib_deadline_reached_without_new_parent_extreme
SFC0079,SFI0066,down,E00355,E00361,2021-09-07T00:00:00+00:00,52950.0,2021-09-21T20:00:00+00:00,39503.58,2021-11-18T23:59:59.999000+00:00,accepted,correction_accepted,2021-09-23T01:03:21.600000+00:00,,fib_deadline_reached_without_new_parent_extreme,False,14.83333333,42.0,0.3531746,,fib_deadline_reached_without_new_parent_extreme
SFC0080,SFI0067,up,E00361,E00366,2021-09-21T20:00:00+00:00,39503.58,2021-11-10T12:00:00+00:00,69198.7,2021-11-18T23:59:59.999000+00:00,accepted,correction_accepted,2021-10-01T20:00:00+00:00,,fib_deadline_reached_without_new_parent_extreme,False,49.66666667,14.833333,3.34831468,,fib_deadline_reached_without_new_parent_extreme
SFC0081,SFI0068,down,E00366,E00382,2021-11-10T12:00:00+00:00,69198.7,2022-01-24T12:00:00+00:00,32853.83,2022-02-04T23:59:59.999000+00:00,accepted,correction_accepted,2021-11-29T11:20:38.411001599+00:00,,fib_deadline_reached_without_new_parent_extreme,False,75.0,49.666667,1.5100671,,fib_deadline_reached_without_new_parent_extreme
SFC0082,SFI0069,up,E00382,E00383,2022-01-24T12:00:00+00:00,32853.83,2022-02-10T16:00:00+00:00,45847.5,2022-02-28T23:59:59.999000+00:00,accepted,correction_accepted,2022-02-22T03:36:00+00:00,,fib_deadline_reached_without_new_parent_extreme,False,17.16666667,75.0,0.22888889,,fib_deadline_reached_without_new_parent_extreme
SFC0083,SFI0070,down,E00383,E00387,2022-02-10T16:00:00+00:00,45847.5,2022-02-24T04:00:00+00:00,34303.7,2022-02-28T23:59:59.999000+00:00,accepted,correction_accepted,2022-02-20T16:00:00+00:00,,fib_deadline_reached_without_new_parent_extreme,False,13.5,17.166667,0.78640775,,fib_deadline_reached_without_new_parent_extreme
SFC0084,SFI0071,up,E00387,E00388,2022-02-24T04:00:00+00:00,34303.7,2022-03-02T12:00:00+00:00,45350.0,2022-03-25T23:59:59.999000+00:00,accepted,correction_accepted,2022-03-06T04:00:00+00:00,,fib_deadline_reached_without_new_parent_extreme,False,6.33333333,13.5,0.4691358,,fib_deadline_reached_without_new_parent_extreme
SFC0085,SFI0072,down,E00388,E00391,2022-03-02T12:00:00+00:00,45350.0,2022-03-13T20:00:00+00:00,37500.0,2022-03-25T23:59:59.999000+00:00,accepted,correction_accepted,2022-03-12T12:00:00+00:00,,fib_deadline_reached_without_new_parent_extreme,False,11.33333333,6.333333,1.78947378,,fib_deadline_reached_without_new_parent_extreme
SFC0086,SFI0073,up,E00391,E00392,2022-03-13T20:00:00+00:00,37500.0,2022-03-28T16:00:00+00:00,48200.0,2022-04-11T23:59:59.999000+00:00,accepted,correction_accepted,2022-03-23T20:00:00+00:00,,fib_deadline_reached_without_new_parent_extreme,False,14.83333333,11.333333,1.30882357,,fib_deadline_reached_without_new_parent_extreme
SFC0087,SFI0074,down,E00392,E00407,2022-03-28T16:00:00+00:00,48200.0,2022-05-12T04:00:00+00:00,26631.0,2022-05-30T23:59:59.999000+00:00,accepted,correction_accepted,2022-04-07T16:00:00+00:00,,fib_deadline_reached_without_new_parent_extreme,False,44.5,14.833333,3.00000007,,fib_deadline_reached_without_new_parent_extreme
SFC0088,SFI0075,up,E00407,E00408,2022-05-12T04:00:00+00:00,26631.0,2022-05-31T16:00:00+00:00,32427.5,2022-06-12T23:59:59.999000+00:00,accepted,correction_accepted,2022-05-29T03:58:33.600000+00:00,,fib_deadline_reached_without_new_parent_extreme,False,19.5,44.5,0.43820225,,fib_deadline_reached_without_new_parent_extreme
SFC0089,SFI0076,down,E00408,E00414,2022-05-31T16:00:00+00:00,32427.5,2022-06-18T20:00:00+00:00,17593.2,2022-06-21T23:59:59.999000+00:00,accepted,correction_accepted,2022-06-10T16:00:00+00:00,,fib_deadline_reached_without_new_parent_extreme,False,18.16666667,19.5,0.93162393,,fib_deadline_reached_without_new_parent_extreme
SFC0090,SFI0077,up,E00414,E00415,2022-06-18T20:00:00+00:00,17593.2,2022-08-15T00:00:00+00:00,25200.0,2022-08-19T23:59:59.999000+00:00,accepted,correction_accepted,2022-06-28T20:00:00+00:00,,fib_deadline_reached_without_new_parent_extreme,False,57.16666667,18.166667,3.14678893,,fib_deadline_reached_without_new_parent_extreme
SFC0091,SFI0078,down,E00415,E00422,2022-08-15T00:00:00+00:00,25200.0,2022-09-07T00:00:00+00:00,18500.0,2022-09-12T23:59:59.999000+00:00,accepted,correction_accepted,2022-09-05T20:06:14.411001600+00:00,,fib_deadline_reached_without_new_parent_extreme,False,23.0,57.166667,0.40233236,,fib_deadline_reached_without_new_parent_extreme
SFC0092,SFI0079,up,E00422,E00423,2022-09-07T00:00:00+00:00,18500.0,2022-09-13T12:00:00+00:00,22850.0,2023-01-12T23:59:59.999000+00:00,accepted,correction_accepted,2022-09-17T00:00:00+00:00,,fib_deadline_reached_without_new_parent_extreme,False,6.5,23.0,0.2826087,,fib_deadline_reached_without_new_parent_extreme
SFC0093,SFI0080,down,E00423,E00432,2022-09-13T12:00:00+00:00,22850.0,2022-11-21T20:00:00+00:00,15443.2,2023-01-12T23:59:59.999000+00:00,accepted,correction_accepted,2022-09-23T12:00:00+00:00,,fib_deadline_reached_without_new_parent_extreme,False,69.33333333,6.5,10.66666667,,fib_deadline_reached_without_new_parent_extreme
SFC0094,SFI0081,up,E00432,E00433,2022-11-21T20:00:00+00:00,15443.2,2023-02-21T08:00:00+00:00,25347.6,2023-03-09T23:59:59.999000+00:00,accepted,correction_accepted,2022-12-18T07:38:52.788998400+00:00,,fib_deadline_reached_without_new_parent_extreme,False,91.5,69.333333,1.31971154,,fib_deadline_reached_without_new_parent_extreme
SFC0095,SFI0082,down,E00433,E00435,2023-02-21T08:00:00+00:00,25347.6,2023-03-10T08:00:00+00:00,19521.6,2023-05-12T23:59:59.999000+00:00,rejected,correction_rejected,,2023-03-14T12:00:00+00:00,new_parent_extreme_before_fib_deadline,False,17.0,91.5,0.18579235,SFI0082,new_parent_extreme_before_fib_deadline
SFC0096,SFI0082,up,E00435,E00436,2023-03-10T08:00:00+00:00,19521.6,2023-04-14T04:00:00+00:00,31059.0,2023-05-12T23:59:59.999000+00:00,accepted,correction_accepted,2023-03-20T08:00:00+00:00,,fib_deadline_reached_without_new_parent_extreme,False,34.83333333,17.0,2.04901961,,fib_deadline_reached_without_new_parent_extreme
SFC0097,SFI0083,down,E00436,E00448,2023-04-14T04:00:00+00:00,31059.0,2023-06-15T08:00:00+00:00,24777.0,2023-06-21T23:59:59.999000+00:00,accepted,correction_accepted,2023-04-27T11:21:07.188998400+00:00,,fib_deadline_reached_without_new_parent_extreme,False,62.16666667,34.833333,1.78468901,,fib_deadline_reached_without_new_parent_extreme
SFC0098,SFI0084,up,E00448,E00449,2023-06-15T08:00:00+00:00,24777.0,2023-07-13T16:00:00+00:00,31850.0,2023-08-17T23:59:59.999000+00:00,accepted,correction_accepted,2023-07-09T01:56:38.411001600+00:00,,fib_deadline_reached_without_new_parent_extreme,False,28.33333333,62.166667,0.45576407,,fib_deadline_reached_without_new_parent_extreme
SFC0099,SFI0085,down,E00449,E00453,2023-07-13T16:00:00+00:00,31850.0,2023-09-11T20:00:00+00:00,24888.0,2023-10-16T23:59:59.999000+00:00,accepted,correction_accepted,2023-07-24T11:45:35.988998400+00:00,,fib_deadline_reached_without_new_parent_extreme,False,60.16666667,28.333333,2.12352944,,fib_deadline_reached_without_new_parent_extreme
SFC0100,SFI0086,up,E00453,E00454,2023-09-11T20:00:00+00:00,24888.0,2023-10-23T20:00:00+00:00,35981.9,2023-10-23T23:59:59.999000+00:00,accepted,correction_accepted,2023-10-04T19:36:28.811001599+00:00,,fib_deadline_reached_without_new_parent_extreme,False,42.0,60.166667,0.69806094,,fib_deadline_reached_without_new_parent_extreme
SFC0101,SFI0087,down,E00457,E00461,2024-01-11T12:00:00+00:00,49027.5,2024-01-23T12:00:00+00:00,38545.0,2024-03-20T23:59:59.999000+00:00,accepted,correction_accepted,2024-02-10T20:51:21.600000+00:00,,fib_deadline_reached_without_new_parent_extreme,False,12.0,79.5,0.1509434,,fib_deadline_reached_without_new_parent_extreme
SFC0102,SFI0088,up,E00461,E00468,2024-01-23T12:00:00+00:00,38545.0,2024-03-14T04:00:00+00:00,73881.4,2024-03-20T23:59:59.999000+00:00,accepted,correction_accepted,2024-02-02T12:00:00+00:00,,fib_deadline_reached_without_new_parent_extreme,False,50.66666667,12.0,4.22222222,,fib_deadline_reached_without_new_parent_extreme
SFC0103,SFI0089,down,E00468,E00476,2024-03-14T04:00:00+00:00,73881.4,2024-05-01T08:00:00+00:00,56537.7,2024-05-20T23:59:59.999000+00:00,accepted,correction_accepted,2024-04-02T12:30:43.211001600+00:00,,fib_deadline_reached_without_new_parent_extreme,False,48.16666667,50.666667,0.95065789,,fib_deadline_reached_without_new_parent_extreme
SFC0104,SFI0090,up,E00476,E00477,2024-05-01T08:00:00+00:00,56537.7,2024-06-07T12:00:00+00:00,72144.0,2024-06-24T23:59:59.999000+00:00,accepted,correction_accepted,2024-05-19T17:35:31.211001600+00:00,,fib_deadline_reached_without_new_parent_extreme,False,37.16666667,48.166667,0.77162629,,fib_deadline_reached_without_new_parent_extreme
SFC0105,SFI0091,down,E00477,E00483,2024-06-07T12:00:00+00:00,72144.0,2024-07-05T04:00:00+00:00,53329.5,2024-07-15T23:59:59.999000+00:00,accepted,correction_accepted,2024-06-21T16:44:38.411001600+00:00,,fib_deadline_reached_without_new_parent_extreme,False,27.66666667,37.166667,0.74439461,,fib_deadline_reached_without_new_parent_extreme
SFC0106,SFI0092,up,E00483,E00484,2024-07-05T04:00:00+00:00,53329.5,2024-07-29T12:00:00+00:00,70081.0,2024-08-04T23:59:59.999000+00:00,accepted,correction_accepted,2024-07-15T17:38:52.811001600+00:00,,fib_deadline_reached_without_new_parent_extreme,False,24.33333333,27.666667,0.87951806,,fib_deadline_reached_without_new_parent_extreme
SFC0107,SFI0093,down,E00484,E00486,2024-07-29T12:00:00+00:00,70081.0,2024-08-05T04:00:00+00:00,48888.0,2024-09-06T23:59:59.999000+00:00,accepted,correction_accepted,2024-08-08T12:00:00+00:00,,fib_deadline_reached_without_new_parent_extreme,False,6.66666667,24.333333,0.27397261,,fib_deadline_reached_without_new_parent_extreme
SFC0108,SFI0094,up,E00486,E00487,2024-08-05T04:00:00+00:00,48888.0,2024-08-25T20:00:00+00:00,65175.4,2024-09-06T23:59:59.999000+00:00,accepted,correction_accepted,2024-08-15T04:00:00+00:00,,fib_deadline_reached_without_new_parent_extreme,False,20.66666667,6.666667,3.09999985,,fib_deadline_reached_without_new_parent_extreme
SFC0109,SFI0095,down,E00487,E00490,2024-08-25T20:00:00+00:00,65175.4,2024-09-08T16:00:00+00:00,53596.5,2024-09-23T23:59:59.999000+00:00,accepted,correction_accepted,2024-09-04T20:00:00+00:00,,fib_deadline_reached_without_new_parent_extreme,False,13.83333333,20.666667,0.66935483,,fib_deadline_reached_without_new_parent_extreme
SFC0110,SFI0096,up,E00490,E00506,2024-09-08T16:00:00+00:00,53596.5,2024-12-17T12:00:00+00:00,108366.8,2025-01-13T23:59:59.999000+00:00,accepted,correction_accepted,2024-09-18T16:00:00+00:00,,fib_deadline_reached_without_new_parent_extreme,False,99.83333333,13.833333,7.21686764,,fib_deadline_reached_without_new_parent_extreme
SFC0111,SFI0097,down,E00506,E00513,2024-12-17T12:00:00+00:00,108366.8,2025-02-28T08:00:00+00:00,78200.2,2025-03-02T23:59:59.999000+00:00,rejected,correction_rejected,,2025-01-20T04:00:00+00:00,new_parent_extreme_before_fib_deadline,False,72.83333333,99.833333,0.72954925,SFI0097,new_parent_extreme_before_fib_deadline
SFC0112,SFI0097,up,E00513,E00514,2025-02-28T08:00:00+00:00,78200.2,2025-03-02T16:00:00+00:00,94971.0,2025-04-22T23:59:59.999000+00:00,rejected,correction_rejected,,2025-03-10T16:00:00+00:00,new_parent_extreme_before_fib_deadline,False,2.33333333,72.833333,0.03203661,SFI0097,new_parent_extreme_before_fib_deadline
SFC0113,SFI0097,down,E00514,E00517,2025-03-02T16:00:00+00:00,94971.0,2025-04-07T04:00:00+00:00,74457.0,2025-04-22T23:59:59.999000+00:00,accepted,correction_accepted,2025-03-12T16:00:00+00:00,,fib_deadline_reached_without_new_parent_extreme,False,35.5,2.333333,15.21428789,,fib_deadline_reached_without_new_parent_extreme
SFC0114,SFI0098,up,E00517,E00529,2025-04-07T04:00:00+00:00,74457.0,2025-10-06T16:00:00+00:00,126208.5,2025-10-10T23:59:59.999000+00:00,accepted,correction_accepted,2025-04-20T17:27:50.400000+00:00,,fib_deadline_reached_without_new_parent_extreme,False,182.5,35.5,5.14084507,,fib_deadline_reached_without_new_parent_extreme
SFC0115,SFI0099,down,E00529,E00542,2025-10-06T16:00:00+00:00,126208.5,2025-11-21T12:00:00+00:00,80600.0,2026-01-30T23:59:59.999000+00:00,accepted,correction_accepted,2025-12-15T09:09:36+00:00,,fib_deadline_reached_without_new_parent_extreme,False,45.83333333,182.5,0.25114155,,fib_deadline_reached_without_new_parent_extreme
SFC0116,SFI0100,up,E00542,E00543,2025-11-21T12:00:00+00:00,80600.0,2026-01-14T20:00:00+00:00,97932.1,2026-01-30T23:59:59.999000+00:00,accepted,correction_accepted,2025-12-09T00:11:59.988998400+00:00,,fib_deadline_reached_without_new_parent_extreme,False,54.33333333,45.833333,1.18545455,,fib_deadline_reached_without_new_parent_extreme
SFC0117,SFI0101,down,E00543,E00550,2026-01-14T20:00:00+00:00,97932.1,2026-02-06T00:00:00+00:00,59800.0,2026-02-08T23:59:59.999000+00:00,accepted,correction_accepted,2026-02-04T14:07:40.788998400+00:00,,fib_deadline_reached_without_new_parent_extreme,False,22.16666667,54.333333,0.40797546,,fib_deadline_reached_without_new_parent_extreme
SFC0118,SFI0102,up,E00550,E00551,2026-02-06T00:00:00+00:00,59800.0,2026-05-06T08:00:00+00:00,82828.7,2026-06-02T23:59:59.999000+00:00,accepted,correction_accepted,2026-02-16T00:00:00+00:00,,fib_deadline_reached_without_new_parent_extreme,False,89.33333333,22.166667,4.03007513,,fib_deadline_reached_without_new_parent_extreme
