event_id,event_time,available_at_time,regime_before,regime_after,anchor,low_A/high_A,accepted_rebound_high/accepted_pullback_low,break_level/time,current_extreme,reason
RF0001,2017-12-30T00:00:00+00:00,2018-01-11T23:59:59.999000+00:00,bull,bear,2017-12-17T00:00:00+00:00|19798.68,2017-12-30T00:00:00+00:00|11750.0,2017-12-27T00:00:00+00:00|16498.05,11750.0|2018-01-11T00:00:00+00:00,2018-01-11T00:00:00+00:00|11400.0,regime_anchor_high -> structural_impulse_low_A -> accepted_rebound_high_B -> break_below_low_A
RF0002,2018-03-21T00:00:00+00:00,2018-04-24T23:59:59.999000+00:00,bear,bull,2018-02-06T00:00:00+00:00|6000.01,2018-03-21T00:00:00+00:00|9177.01,2018-04-01T00:00:00+00:00|6430.0,9177.01|2018-04-24T00:00:00+00:00,2018-04-24T00:00:00+00:00|9731.01,regime_anchor_low -> structural_impulse_high_A -> accepted_pullback_low_B -> break_above_high_A
RF0003,2018-04-01T00:00:00+00:00,2018-06-13T23:59:59.999000+00:00,bull,bear,2017-12-17T00:00:00+00:00|19798.68,2018-04-01T00:00:00+00:00|6430.0,2018-05-05T00:00:00+00:00|10020.0,6430.0|2018-06-13T00:00:00+00:00,2018-06-13T00:00:00+00:00|6118.68,regime_anchor_high -> structural_impulse_low_A -> accepted_rebound_high_B -> break_below_low_A
RF0004,2018-09-04T00:00:00+00:00,2018-10-15T23:59:59.999000+00:00,bear,bull,2018-06-24T00:00:00+00:00|5750.0,2018-09-04T00:00:00+00:00|7410.0,2018-09-19T00:00:00+00:00|6123.0,7410.0|2018-10-15T00:00:00+00:00,2018-10-15T00:00:00+00:00|7680.0,regime_anchor_low -> structural_impulse_high_A -> accepted_pullback_low_B -> break_above_high_A
RF0005,2018-09-19T00:00:00+00:00,2018-11-14T23:59:59.999000+00:00,bull,bear,2017-12-17T00:00:00+00:00|19798.68,2018-09-19T00:00:00+00:00|6123.0,2018-10-15T00:00:00+00:00|7680.0,6123.0|2018-11-14T00:00:00+00:00,2018-11-14T00:00:00+00:00|5656.87,regime_anchor_high -> structural_impulse_low_A -> accepted_rebound_high_B -> break_below_low_A
RF0006,2018-12-24T00:00:00+00:00,2019-04-02T23:59:59.999000+00:00,bear,bull,2018-12-15T00:00:00+00:00|3156.26,2018-12-24T00:00:00+00:00|4198.0,2019-01-29T00:00:00+00:00|3349.92,4198.0|2019-04-02T00:00:00+00:00,2019-04-02T00:00:00+00:00|4897.99,regime_anchor_low -> structural_impulse_high_A -> accepted_pullback_low_B -> break_above_high_A
RF0007,2019-07-02T00:00:00+00:00,2019-07-16T23:59:59.999000+00:00,bull,bear,2017-12-17T00:00:00+00:00|19798.68,2019-07-02T00:00:00+00:00|9727.0,2019-06-26T00:00:00+00:00|13970.0,9727.0|2019-07-16T00:00:00+00:00,2019-07-16T00:00:00+00:00|9350.01,regime_anchor_high -> structural_impulse_low_A -> accepted_rebound_high_B -> break_below_low_A
RF0008,2020-05-07T20:00:00+00:00,2020-09-03T23:59:59.999000+00:00,bear,bull,2020-03-13T00:00:00+00:00|3621.81,2020-05-07T20:00:00+00:00|10080.0,2020-05-11T16:00:00+00:00|8151.12,10080.0|2020-09-03T00:00:00+00:00,2020-09-03T00:00:00+00:00|11475.0,regime_anchor_low -> structural_impulse_high_A -> accepted_pullback_low_B -> break_above_high_A
RF0009,2021-04-25T20:00:00+00:00,2021-05-13T23:59:59.999000+00:00,bull,bear,2021-04-14T00:00:00+00:00|64986.11,2021-04-25T20:00:00+00:00|46930.43,2021-05-10T04:00:00+00:00|59654.0,46930.43|2021-05-13T00:00:00+00:00,2021-05-13T00:00:00+00:00|45596.32,regime_anchor_high -> structural_impulse_low_A -> accepted_rebound_high_B -> break_below_low_A
RF0010,2021-06-29T16:00:00+00:00,2021-07-26T23:59:59.999000+00:00,bear,bull,2021-05-19T00:00:00+00:00|28688.0,2021-06-29T16:00:00+00:00|36623.0,2021-07-20T12:00:00+00:00|29242.24,36623.0|2021-07-26T00:00:00+00:00,2021-07-26T00:00:00+00:00|48168.6,regime_anchor_low -> structural_impulse_high_A -> accepted_pullback_low_B -> break_above_high_A
RF0011,2022-03-13T20:00:00+00:00,2022-05-05T23:59:59.999000+00:00,bull,bear,2021-11-10T00:00:00+00:00|69198.7,2022-03-13T20:00:00+00:00|37500.0,2022-03-28T16:00:00+00:00|48200.0,37500.0|2022-05-05T00:00:00+00:00,2022-05-05T00:00:00+00:00|35388.0,regime_anchor_high -> structural_impulse_low_A -> accepted_rebound_high_B -> break_below_low_A
RF0012,2022-09-13T12:00:00+00:00,2023-01-21T23:59:59.999000+00:00,bear,bull,2022-11-21T00:00:00+00:00|15443.2,2022-09-13T12:00:00+00:00|22850.0,2022-09-07T00:00:00+00:00|18500.0,22850.0|2023-01-21T00:00:00+00:00,2023-01-21T00:00:00+00:00|23390.0,regime_anchor_low -> structural_impulse_high_A -> accepted_pullback_low_B -> break_above_high_A
RF0013,2024-05-01T08:00:00+00:00,2024-07-05T23:59:59.999000+00:00,bull,bear,2024-03-14T00:00:00+00:00|73881.4,2024-05-01T08:00:00+00:00|56537.7,2024-06-07T12:00:00+00:00|72144.0,56537.7|2024-07-05T00:00:00+00:00,2024-07-05T00:00:00+00:00|53329.5,regime_anchor_high -> structural_impulse_low_A -> accepted_rebound_high_B -> break_below_low_A
RF0014,2024-08-25T20:00:00+00:00,2024-09-27T23:59:59.999000+00:00,bear,bull,2024-08-05T00:00:00+00:00|48888.0,2024-08-25T20:00:00+00:00|65175.4,2024-09-08T16:00:00+00:00|53596.5,65175.4|2024-09-27T00:00:00+00:00,2024-09-27T00:00:00+00:00|66450.0,regime_anchor_low -> structural_impulse_high_A -> accepted_pullback_low_B -> break_above_high_A
RF0015,2025-11-21T12:00:00+00:00,2026-01-31T23:59:59.999000+00:00,bull,bear,2025-10-06T00:00:00+00:00|126208.5,2025-11-21T12:00:00+00:00|80600.0,2026-01-14T20:00:00+00:00|97932.1,80600.0|2026-01-31T00:00:00+00:00,2026-01-31T00:00:00+00:00|75500.0,regime_anchor_high -> structural_impulse_low_A -> accepted_rebound_high_B -> break_below_low_A
