event_id,anchor_price,anchor_price_units,extreme_type,source_market,source_time_precision,source_refinement_market,source_refinement_timeframe,localization_status,candidate_window_count,matching_5m_start_times,trade_refinement_status,first_trade_touch_time,last_trade_touch_time,trade_touch_count,exact_pivot_time,exact_pivot_sequence_id,exact_source_granularity,exact_source_origin,canonical_pivot_5m_start_time,canonical_pivot_5m_end_time,volume_split_precision
E00008,4013.89,401389,LOW,spot,1D,spot,1D,unique_5m_match,1,2017-08-23T00:10:00+00:00,source_unavailable,2017-08-23T00:11:41.065000+00:00,2017-08-23T00:11:41.065000+00:00,1,,,,,,,
E00010,4939.19,493919,HIGH,spot,1D,spot,1D,unique_5m_match,1,2017-09-02T02:15:00+00:00,exact_unique_trade_touch,2017-09-02T02:17:51.603000+00:00,2017-09-02T02:17:51.603000+00:00,1,2017-09-02T02:17:51.603000+00:00,65441,agg_trade,local_official_monthly_aggtrades,2017-09-02T02:15:00+00:00,2017-09-02T02:20:00+00:00,exact_atomic_record
E00012,3603.0,360300,LOW,spot,1D,spot,1D,unique_5m_match,1,2017-09-05T02:00:00+00:00,exact_unique_trade_touch,2017-09-05T02:00:07.506000+00:00,2017-09-05T02:00:07.506000+00:00,1,2017-09-05T02:00:07.506000+00:00,86731,agg_trade,local_official_monthly_aggtrades,2017-09-05T02:00:00+00:00,2017-09-05T02:05:00+00:00,exact_atomic_record
E00013,4788.59,478859,HIGH,spot,1D,spot,1D,multiple_5m_matches,2,2017-09-07T16:25:00+00:00;2017-09-07T16:30:00+00:00,exact_unique_trade_touch,2017-09-07T16:26:07.914000+00:00,2017-09-07T16:26:07.914000+00:00,1,2017-09-07T16:26:07.914000+00:00,105101,agg_trade,local_official_monthly_aggtrades,2017-09-07T16:25:00+00:00,2017-09-07T16:30:00+00:00,exact_atomic_record
E00018,3165.13,316513,LOW,spot,1D,spot,1D,unique_5m_match,1,2017-09-14T23:50:00+00:00,multiple_exact_trade_touches,2017-09-14T23:52:25.178000+00:00,2017-09-14T23:52:25.230000+00:00,2,,,,,,,
E00038,7770.02,777002,HIGH,spot,1D,spot,1D,unique_5m_match,1,2017-11-08T17:30:00+00:00,source_unavailable,2017-11-08T17:32:12.034000+00:00,2017-11-08T17:32:12.034000+00:00,1,,,,,,,
E00041,5325.01,532501,LOW,spot,1D,spot,1D,unique_5m_match,1,2017-11-12T06:50:00+00:00,source_unavailable,2017-11-12T06:53:34.543000+00:00,2017-11-12T06:53:35.875000+00:00,2,,,,,,,
E00052,11300.03,1130003,HIGH,spot,1D,spot,1D,unique_5m_match,1,2017-11-29T14:10:00+00:00,source_unavailable,2017-11-29T14:13:57.414000+00:00,2017-11-29T14:13:57.417000+00:00,2,,,,,,,
E00054,8850.8,885080,LOW,spot,1D,spot,1D,unique_5m_match,1,2017-11-30T14:05:00+00:00,source_unavailable,2017-11-30T14:08:45.532000+00:00,2017-11-30T14:09:17.587000+00:00,2,,,,,,,
E00059,16649.96,1664996,HIGH,spot,1D,spot,1D,unique_5m_match,1,2017-12-07T23:55:20.799000+00:00,exact_unique_trade_touch,2017-12-07T23:58:50.452000+00:00,2017-12-07T23:58:50.452000+00:00,1,2017-12-07T23:58:50.452000+00:00,1334365,agg_trade,local_official_monthly_aggtrades,2017-12-07T23:55:00+00:00,2017-12-08T00:00:00+00:00,exact_atomic_record
E00065,12368.0,1236800,LOW,spot,1D,spot,1D,unique_5m_match,1,2017-12-10T04:30:20.799000+00:00,exact_unique_trade_touch,2017-12-10T04:32:07.876000+00:00,2017-12-10T04:32:07.876000+00:00,1,2017-12-10T04:32:07.876000+00:00,1487622,agg_trade,local_official_monthly_aggtrades,2017-12-10T04:30:00+00:00,2017-12-10T04:35:00+00:00,exact_atomic_record
E00070,19798.68,1979868,HIGH,spot,1D,spot,1D,unique_5m_match,1,2017-12-17T12:10:20.799000+00:00,multiple_exact_trade_touches,2017-12-17T12:14:29.261000+00:00,2017-12-17T12:14:43.132000+00:00,5,,,,,,,
E00077,11640.0,1164000,LOW,spot,1D,spot,1D,unique_5m_match,1,2017-12-24T12:40:00+00:00,exact_unique_trade_touch,2017-12-24T12:40:08.103000+00:00,2017-12-24T12:40:08.103000+00:00,1,2017-12-24T12:40:08.103000+00:00,2895244,agg_trade,local_official_monthly_aggtrades,2017-12-24T12:40:00+00:00,2017-12-24T12:45:00+00:00,exact_atomic_record
E00078,16498.05,1649805,HIGH,spot,1D,spot,1D,unique_5m_match,1,2017-12-27T06:00:00+00:00,multiple_exact_trade_touches,2017-12-27T06:03:58.248000+00:00,2017-12-27T06:03:58.754000+00:00,3,,,,,,,
E00081,11750.0,1175000,LOW,spot,1D,spot,1D,unique_5m_match,1,2017-12-30T16:40:00+00:00,multiple_exact_trade_touches,2017-12-30T16:44:48.457000+00:00,2017-12-30T16:44:48.457000+00:00,4,,,,,,,
E00082,15473.49,1547349,HIGH,spot,1D,spot,1D,unique_5m_match,1,2018-01-02T19:20:00+00:00,multiple_exact_trade_touches,2018-01-02T19:24:02.326000+00:00,2018-01-02T19:24:08.212000+00:00,2,,,,,,,
E00085,13918.04,1391804,LOW,spot,1D,spot,1D,unique_5m_match,1,2018-01-04T09:00:00+00:00,exact_unique_trade_touch,2018-01-04T09:02:19.950000+00:00,2018-01-04T09:02:19.950000+00:00,1,2018-01-04T09:02:19.950000+00:00,4403774,agg_trade,local_official_monthly_aggtrades,2018-01-04T09:00:00+00:00,2018-01-04T09:05:00+00:00,exact_atomic_record
E00086,17176.24,1717624,HIGH,spot,1D,spot,1D,unique_5m_match,1,2018-01-05T23:20:00+00:00,multiple_exact_trade_touches,2018-01-05T23:20:19.818000+00:00,2018-01-05T23:22:15.787000+00:00,3,,,,,,,
E00093,9037.94,903794,LOW,spot,1D,spot,1D,unique_5m_match,1,2018-01-17T15:30:00+00:00,multiple_exact_trade_touches,2018-01-17T15:34:26.131000+00:00,2018-01-17T15:34:27.184000+00:00,5,,,,,,,
E00094,13099.0,1309900,HIGH,spot,1D,spot,1D,unique_5m_match,1,2018-01-20T18:40:00+00:00,multiple_exact_trade_touches,2018-01-20T18:42:11.468000+00:00,2018-01-20T18:42:11.468000+00:00,4,,,,,,,
E00096,9905.0,990500,LOW,spot,1D,spot,1D,unique_5m_match,1,2018-01-23T11:45:00+00:00,exact_unique_trade_touch,2018-01-23T11:46:47.524000+00:00,2018-01-23T11:46:47.524000+00:00,1,2018-01-23T11:46:47.524000+00:00,8580189,agg_trade,local_official_monthly_aggtrades,2018-01-23T11:45:00+00:00,2018-01-23T11:50:00+00:00,exact_atomic_record
E00097,12244.0,1224400,HIGH,spot,1D,spot,1D,unique_5m_match,1,2018-01-28T06:45:00+00:00,multiple_exact_trade_touches,2018-01-28T06:49:30.675000+00:00,2018-01-28T06:49:32.150000+00:00,2,,,,,,,
E00103,6625.0,662500,LOW,spot,1D,spot,1D,multiple_5m_matches,2,2018-02-05T19:55:00+00:00;2018-02-05T20:00:00+00:00,multiple_exact_trade_touches,2018-02-05T19:58:17.495000+00:00,2018-02-05T20:01:54.252000+00:00,192,,,,,,,
E00107,11786.01,1178601,HIGH,spot,1D,spot,1D,unique_5m_match,1,2018-02-20T22:25:00+00:00,multiple_exact_trade_touches,2018-02-20T22:26:56.058000+00:00,2018-02-20T22:27:19.780000+00:00,3,,,,,,,
E00111,9274.8,927480,LOW,spot,1D,spot,1D,unique_5m_match,1,2018-02-25T18:35:00+00:00,exact_unique_trade_touch,2018-02-25T18:35:02.744000+00:00,2018-02-25T18:35:02.744000+00:00,1,2018-02-25T18:35:02.744000+00:00,19434742,agg_trade,local_official_monthly_aggtrades,2018-02-25T18:35:00+00:00,2018-02-25T18:40:00+00:00,exact_atomic_record
E00112,11710.0,1171000,HIGH,spot,1D,spot,1D,unique_5m_match,1,2018-03-05T20:20:00+00:00,source_unavailable,2018-03-05T20:20:14.441000+00:00,2018-03-05T20:20:35.926000+00:00,41,,,,,,,
E00118,7322.0,732200,LOW,spot,1D,spot,1D,unique_5m_match,1,2018-03-18T14:30:00+00:00,source_unavailable,2018-03-18T14:33:17.037000+00:00,2018-03-18T14:33:29.521000+00:00,15,,,,,,,
E00119,9177.01,917701,HIGH,spot,1D,spot,1D,unique_5m_match,1,2018-03-21T15:20:00+00:00,source_unavailable,2018-03-21T15:22:08.206000+00:00,2018-03-21T15:22:08.206000+00:00,1,,,,,,,
E00122,6430.0,643000,LOW,spot,1D,spot,1D,unique_5m_match,1,2018-04-01T14:30:00+00:00,source_unavailable,2018-04-01T14:33:51.131000+00:00,2018-04-01T14:33:57.577000+00:00,20,,,,,,,
E00123,10020.0,1002000,HIGH,spot,1D,spot,1D,unique_5m_match,1,2018-05-05T12:40:00+00:00,source_unavailable,2018-05-05T12:41:11.151000+00:00,2018-05-05T12:41:11.151000+00:00,13,,,,,,,
E00139,5750.0,575000,LOW,spot,1D,spot,1D,multiple_5m_matches,2,2018-06-24T15:55:00+00:00;2018-06-24T16:00:00+00:00,multiple_exact_trade_touches,2018-06-24T15:58:00.846000+00:00,2018-06-24T16:00:50.938000+00:00,86,,,,,,,
E00140,8491.77,849177,HIGH,spot,1D,spot,1D,unique_5m_match,1,2018-07-25T00:25:00+00:00,exact_unique_trade_touch,2018-07-25T00:25:25.044000+00:00,2018-07-25T00:25:25.044000+00:00,1,2018-07-25T00:25:25.044000+00:00,51999178,agg_trade,local_official_monthly_aggtrades,2018-07-25T00:25:00+00:00,2018-07-25T00:30:00+00:00,exact_atomic_record
E00148,5880.0,588000,LOW,spot,1D,spot,1D,unique_5m_match,1,2018-08-14T03:05:00+00:00,source_unavailable,2018-08-14T03:05:31.564000+00:00,2018-08-14T03:05:32.630000+00:00,36,,,,,,,
E00149,7410.0,741000,HIGH,spot,1D,spot,1D,unique_5m_match,1,2018-09-04T12:00:00+00:00,source_unavailable,2018-09-04T12:04:33.502000+00:00,2018-09-04T12:04:33.502000+00:00,11,,,,,,,
E00152,6123.0,612300,LOW,spot,1D,spot,1D,multiple_5m_matches,2,2018-09-19T18:55:00+00:00;2018-09-19T19:00:00+00:00,source_unavailable,2018-09-19T18:59:08.487000+00:00,2018-09-19T19:00:34.401000+00:00,10,,,,,,,
E00153,7680.0,768000,HIGH,spot,1D,spot,1D,unique_5m_match,1,2018-10-15T06:45:00+00:00,source_unavailable,2018-10-15T06:49:47.593000+00:00,2018-10-15T06:49:47.593000+00:00,1,,,,,,,
E00163,3652.66,365266,LOW,spot,1D,spot,1D,multiple_5m_matches,2,2018-11-25T10:20:00+00:00;2018-11-25T10:25:00+00:00,multiple_exact_trade_touches,2018-11-25T10:24:52.209000+00:00,2018-11-25T10:25:00.260000+00:00,4,,,,,,,
E00164,4450.38,445038,HIGH,spot,1D,spot,1D,unique_5m_match,1,2018-11-29T11:25:00+00:00,multiple_exact_trade_touches,2018-11-29T11:28:46.704000+00:00,2018-11-29T11:28:46.704000+00:00,2,,,,,,,
E00169,3156.26,315626,LOW,spot,1D,spot,1D,unique_5m_match,1,2018-12-15T15:50:00+00:00,source_unavailable,2018-12-15T15:51:22.838000+00:00,2018-12-15T15:51:54.443000+00:00,11,,,,,,,
E00170,4198.0,419800,HIGH,spot,1D,spot,1D,multiple_5m_matches,2,2018-12-24T08:30:00+00:00;2018-12-24T09:15:00+00:00,source_unavailable,2018-12-24T08:31:32.919000+00:00,2018-12-24T09:15:03.175000+00:00,14,,,,,,,
E00176,3349.92,334992,LOW,spot,1D,spot,1D,unique_5m_match,1,2019-01-29T07:55:00+00:00,source_unavailable,2019-01-29T07:57:57.059000+00:00,2019-01-29T07:57:57.210000+00:00,5,,,,,,,
E00177,8366.0,836600,HIGH,spot,1D,spot,1D,unique_5m_match,1,2019-05-14T08:00:00+00:00,exact_unique_trade_touch,2019-05-14T08:00:26+00:00,2019-05-14T08:00:26+00:00,1,2019-05-14T08:00:26+00:00,110915711,agg_trade,local_official_monthly_aggtrades,2019-05-14T08:00:00+00:00,2019-05-14T08:05:00+00:00,exact_atomic_record
E00179,7156.61,715661,LOW,spot,1D,spot,1D,unique_5m_match,1,2019-05-18T09:30:00+00:00,multiple_exact_trade_touches,2019-05-18T09:30:48.169000+00:00,2019-05-18T09:30:48.169000+00:00,4,,,,,,,
E00180,9074.26,907426,HIGH,spot,1D,spot,1D,unique_5m_match,1,2019-05-30T16:00:00+00:00,multiple_exact_trade_touches,2019-05-30T16:03:58.050000+00:00,2019-05-30T16:04:00.734000+00:00,5,,,,,,,
E00183,7444.58,744458,LOW,spot,1D,spot,1D,unique_5m_match,1,2019-06-06T18:25:00+00:00,multiple_exact_trade_touches,2019-06-06T18:28:39.221000+00:00,2019-06-06T18:28:46.213000+00:00,9,,,,,,,
E00184,13970.0,1397000,HIGH,spot,1D,spot,1D,unique_5m_match,1,2019-06-26T20:00:00+00:00,multiple_exact_trade_touches,2019-06-26T20:00:27.218000+00:00,2019-06-26T20:00:28.514000+00:00,12,,,,,,,
E00189,9727.0,972700,LOW,spot,1D,spot,1D,unique_5m_match,1,2019-07-02T11:35:00+00:00,source_unavailable,2019-07-02T11:35:45.422000+00:00,2019-07-02T11:35:45.422000+00:00,1,,,,,,,
E00190,13147.08,1314708,HIGH,spot,1D,spot,1D,unique_5m_match,1,2019-07-10T11:45:00+00:00,source_unavailable,2019-07-10T11:45:37.033000+00:00,2019-07-10T11:45:37.033000+00:00,1,,,,,,,
E00195,9060.0,906000,LOW,spot,1D,spot,1D,multiple_5m_matches,2,2019-07-17T11:45:00+00:00;2019-07-17T12:00:00+00:00,source_unavailable,2019-07-17T11:48:58.497000+00:00,2019-07-17T12:02:05.573000+00:00,65,,,,,,,
E00196,11068.99,1106899,HIGH,spot,1D,spot,1D,unique_5m_match,1,2019-07-20T23:05:00+00:00,source_unavailable,2019-07-20T23:08:05.860000+00:00,2019-07-20T23:08:05.860000+00:00,4,,,,,,,
E00198,9395.0,939500,LOW,spot,1D,spot,1D,unique_5m_match,1,2019-07-29T09:35:00+00:00,source_unavailable,2019-07-29T09:39:24.713000+00:00,2019-07-29T09:39:30.028000+00:00,8,,,,,,,
E00199,12330.7,1233070,HIGH,spot,1D,spot,1D,unique_5m_match,1,2019-08-06T07:05:00+00:00,multiple_exact_trade_touches,2019-08-06T07:07:18.993000+00:00,2019-08-06T07:07:18.993000+00:00,2,,,,,,,
E00210,7172.76,717276,LOW,futures,4H,futures,4H,unique_5m_match,1,2019-10-23T16:00:00+00:00,source_unavailable,2019-10-23T16:02:26.497000+00:00,2019-10-23T16:02:26.497000+00:00,4,,,,,,,
E00211,10408.48,1040848,HIGH,futures,4H,futures,4H,unique_5m_match,1,2019-10-26T01:40:00+00:00,source_unavailable,2019-10-26T01:44:42.128000+00:00,2019-10-26T01:44:42.181000+00:00,2,,,,,,,
E00227,6510.19,651019,LOW,futures,4H,futures,4H,unique_5m_match,1,2019-11-25T05:35:00+00:00,source_unavailable,2019-11-25T05:35:53.444000+00:00,2019-11-25T05:35:53.444000+00:00,1,,,,,,,
E00228,7850.0,785000,HIGH,futures,4H,futures,4H,unique_5m_match,1,2019-11-29T16:00:00+00:00,source_unavailable,2019-11-29T16:01:16.887000+00:00,2019-11-29T16:01:18.734000+00:00,65,,,,,,,
E00232,6863.44,686344,LOW,futures,4H,futures,4H,unique_5m_match,1,2020-01-03T02:00:00+00:00,exact_unique_trade_touch,2020-01-03T02:02:11.066000+00:00,2020-01-03T02:02:11.066000+00:00,1,2020-01-03T02:02:11.066000+00:00,18622389,agg_trade,legacy_local_daily_aggtrades,2020-01-03T02:00:00+00:00,2020-01-03T02:05:00+00:00,exact_atomic_record
E00233,10540.0,1054000,HIGH,futures,4H,futures,4H,unique_5m_match,1,2020-02-13T13:45:00+00:00,multiple_exact_trade_touches,2020-02-13T13:49:01.626000+00:00,2020-02-13T13:49:01.664000+00:00,2,,,,,,,
E00241,4347.0,434700,LOW,futures,4H,futures,4H,unique_5m_match,1,2020-03-12T23:45:00+00:00,multiple_exact_trade_touches,2020-03-12T23:47:51.100000+00:00,2020-03-12T23:47:51.130000+00:00,2,,,,,,,
E00246,6400.0,640000,HIGH,futures,4H,futures,4H,unique_5m_match,1,2020-03-19T22:50:00+00:00,multiple_exact_trade_touches,2020-03-19T22:51:03.540000+00:00,2020-03-19T22:51:03.650000+00:00,5,,,,,,,
E00248,5650.0,565000,LOW,futures,4H,futures,4H,unique_5m_match,1,2020-03-20T20:30:00+00:00,multiple_exact_trade_touches,2020-03-20T20:31:52.341000+00:00,2020-03-20T20:31:53.200000+00:00,5,,,,,,,
E00252,10080.0,1008000,HIGH,futures,4H,futures,4H,unique_5m_match,1,2020-05-07T23:45:00+00:00,multiple_exact_trade_touches,2020-05-07T23:46:39.569000+00:00,2020-05-07T23:46:39.742000+00:00,5,,,,,,,
E00254,8151.12,815112,LOW,futures,4H,futures,4H,unique_5m_match,1,2020-05-11T18:15:00+00:00,exact_unique_trade_touch,2020-05-11T18:18:05.592000+00:00,2020-05-11T18:18:05.592000+00:00,1,2020-05-11T18:18:05.592000+00:00,85819809,agg_trade,legacy_local_daily_aggtrades,2020-05-11T18:15:00+00:00,2020-05-11T18:20:00+00:00,exact_atomic_record
E00255,12499.42,1249942,HIGH,futures,4H,futures,4H,unique_5m_match,1,2020-08-17T16:00:00+00:00,exact_unique_trade_touch,2020-08-17T16:01:35.464000+00:00,2020-08-17T16:01:35.464000+00:00,1,2020-08-17T16:01:35.464000+00:00,130971747,agg_trade,legacy_local_daily_aggtrades,2020-08-17T16:00:00+00:00,2020-08-17T16:05:00+00:00,exact_atomic_record
E00258,9808.58,980858,LOW,futures,4H,futures,4H,unique_5m_match,1,2020-09-05T18:50:00+00:00,multiple_exact_trade_touches,2020-09-05T18:54:56.074000+00:00,2020-09-05T18:54:56.096000+00:00,3,,,,,,,
E00259,19554.19,1955419,HIGH,futures,4H,futures,4H,unique_5m_match,1,2020-11-25T13:50:00+00:00,multiple_exact_trade_touches,2020-11-25T13:50:27.195000+00:00,2020-11-25T13:50:30.404000+00:00,2,,,,,,,
E00262,16444.83,1644483,LOW,futures,4H,futures,4H,unique_5m_match,1,2020-11-27T15:55:00+00:00,exact_unique_trade_touch,2020-11-27T15:59:35.280000+00:00,2020-11-27T15:59:35.280000+00:00,1,2020-11-27T15:59:35.280000+00:00,189146906,agg_trade,legacy_local_daily_aggtrades,2020-11-27T15:55:00+00:00,2020-11-27T16:00:00+00:00,exact_atomic_record
E00276,34832.25,3483225,HIGH,futures,4H,futures,4H,unique_5m_match,1,2021-01-03T07:45:00+00:00,multiple_exact_trade_touches,2021-01-03T07:48:58.903000+00:00,2021-01-03T07:48:59.768000+00:00,5,,,,,,,
E00279,29900.0,2990000,LOW,futures,4H,futures,4H,unique_5m_match,1,2021-01-05T06:10:00+00:00,multiple_exact_trade_touches,2021-01-05T06:13:48.320000+00:00,2021-01-05T06:13:51.400000+00:00,18,,,,,,,
E00282,42125.51,4212551,HIGH,futures,4H,futures,4H,unique_5m_match,1,2021-01-08T15:10:00+00:00,source_unavailable,2021-01-08T15:10:05.369000+00:00,2021-01-08T15:10:05.369000+00:00,1,,,,,,,
E00285,32420.0,3242000,LOW,futures,4H,futures,4H,unique_5m_match,1,2021-01-13T00:55:00+00:00,multiple_exact_trade_touches,2021-01-13T00:59:52.760000+00:00,2021-01-13T00:59:52.932000+00:00,2,,,,,,,
E00286,40189.39,4018939,HIGH,futures,4H,futures,4H,unique_5m_match,1,2021-01-14T15:35:00+00:00,exact_unique_trade_touch,2021-01-14T15:35:05.078000+00:00,2021-01-14T15:35:05.078000+00:00,1,2021-01-14T15:35:05.078000+00:00,259557522,agg_trade,legacy_local_daily_aggtrades,2021-01-14T15:35:00+00:00,2021-01-14T15:40:00+00:00,exact_atomic_record
E00289,28880.0,2888000,LOW,futures,4H,futures,4H,unique_5m_match,1,2021-01-22T01:15:00+00:00,multiple_exact_trade_touches,2021-01-22T01:18:51.851000+00:00,2021-01-22T01:18:52.737000+00:00,7,,,,,,,
E00290,38641.1,3864110,HIGH,futures,4H,futures,4H,unique_5m_match,1,2021-01-29T13:55:00+00:00,multiple_exact_trade_touches,2021-01-29T13:57:20.069000+00:00,2021-01-29T13:57:20.071000+00:00,2,,,,,,,
E00293,32193.04,3219304,LOW,futures,4H,futures,4H,unique_5m_match,1,2021-01-31T18:00:00+00:00,source_unavailable,2021-01-31T18:00:19.412000+00:00,2021-01-31T18:00:19.412000+00:00,1,,,,,,,
E00295,47146.0,4714600,HIGH,futures,4H,futures,4H,unique_5m_match,1,2021-02-08T23:25:00+00:00,multiple_exact_trade_touches,2021-02-08T23:26:35.045000+00:00,2021-02-08T23:26:35.128000+00:00,3,,,,,,,
E00304,43770.0,4377000,LOW,futures,4H,futures,4H,unique_5m_match,1,2021-02-10T15:45:00+00:00,multiple_exact_trade_touches,2021-02-10T15:48:11.552000+00:00,2021-02-10T15:48:16.313000+00:00,10,,,,,,,
E00308,58472.14,5847214,HIGH,futures,4H,futures,4H,unique_5m_match,1,2021-02-21T19:10:00+00:00,multiple_exact_trade_touches,2021-02-21T19:11:52.454000+00:00,2021-02-21T19:11:52.532000+00:00,2,,,,,,,
E00314,43002.05,4300205,LOW,futures,4H,futures,4H,unique_5m_match,1,2021-02-28T16:00:00+00:00,exact_unique_trade_touch,2021-02-28T16:02:15.559000+00:00,2021-02-28T16:02:15.559000+00:00,1,2021-02-28T16:02:15.559000+00:00,349290653,agg_trade,legacy_local_daily_aggtrades,2021-02-28T16:00:00+00:00,2021-02-28T16:05:00+00:00,exact_atomic_record
E00316,61950.0,6195000,HIGH,futures,4H,futures,4H,unique_5m_match,1,2021-03-13T20:40:00+00:00,multiple_exact_trade_touches,2021-03-13T20:42:18.077000+00:00,2021-03-13T20:42:18.792000+00:00,11,,,,,,,
E00318,51260.0,5126000,LOW,futures,4H,futures,4H,unique_5m_match,1,2021-03-26T00:00:00+00:00,source_unavailable,2021-03-26T00:00:15.798000+00:00,2021-03-26T00:00:15.798000+00:00,1,,,,,,,
E00321,64986.11,6498611,HIGH,futures,4H,futures,4H,unique_5m_match,1,2021-04-14T06:10:00+00:00,exact_unique_trade_touch,2021-04-14T06:14:04.033000+00:00,2021-04-14T06:14:04.033000+00:00,1,2021-04-14T06:14:04.033000+00:00,427154952,agg_trade,legacy_local_daily_aggtrades,2021-04-14T06:10:00+00:00,2021-04-14T06:15:00+00:00,exact_atomic_record
E00327,46930.43,4693043,LOW,futures,4H,futures,4H,unique_5m_match,1,2021-04-25T21:40:00+00:00,source_unavailable,2021-04-25T21:42:53.958000+00:00,2021-04-25T21:42:53.958000+00:00,1,,,,,,,
E00328,59654.0,5965400,HIGH,futures,4H,futures,4H,unique_5m_match,1,2021-05-10T04:05:00+00:00,exact_unique_trade_touch,2021-05-10T04:05:58.170000+00:00,2021-05-10T04:05:58.170000+00:00,1,2021-05-10T04:05:58.170000+00:00,473822834,agg_trade,legacy_local_daily_aggtrades,2021-05-10T04:05:00+00:00,2021-05-10T04:10:00+00:00,exact_atomic_record
E00333,28688.0,2868800,LOW,futures,4H,futures,4H,unique_5m_match,1,2021-05-19T13:10:00+00:00,multiple_exact_trade_touches,2021-05-19T13:10:14.591000+00:00,2021-05-19T13:10:14.650000+00:00,3,,,,,,,
E00337,42270.42,4227042,HIGH,futures,4H,futures,4H,unique_5m_match,1,2021-05-21T00:40:00+00:00,source_unavailable,2021-05-21T00:43:26.276000+00:00,2021-05-21T00:43:26.276000+00:00,1,,,,,,,
E00339,31096.7,3109670,LOW,futures,4H,futures,4H,unique_5m_match,1,2021-05-23T16:40:00+00:00,multiple_exact_trade_touches,2021-05-23T16:43:22.667000+00:00,2021-05-23T16:43:23.078000+00:00,11,,,,,,,
E00340,40900.0,4090000,HIGH,futures,4H,futures,4H,unique_5m_match,1,2021-05-26T08:00:00+00:00,multiple_exact_trade_touches,2021-05-26T08:02:58.051000+00:00,2021-05-26T08:02:58.164000+00:00,12,,,,,,,
E00344,30969.0,3096900,LOW,futures,4H,futures,4H,unique_5m_match,1,2021-06-08T15:20:00+00:00,exact_unique_trade_touch,2021-06-08T15:24:37.770000+00:00,2021-06-08T15:24:37.770000+00:00,1,2021-06-08T15:24:37.770000+00:00,580575935,agg_trade,legacy_local_daily_aggtrades,2021-06-08T15:20:00+00:00,2021-06-08T15:25:00+00:00,exact_atomic_record
E00345,41413.0,4141300,HIGH,futures,4H,futures,4H,unique_5m_match,1,2021-06-15T18:00:00+00:00,multiple_exact_trade_touches,2021-06-15T18:01:20.097000+00:00,2021-06-15T18:01:20.097000+00:00,2,,,,,,,
E00348,28780.01,2878001,LOW,futures,4H,futures,4H,unique_5m_match,1,2021-06-22T13:55:00+00:00,exact_unique_trade_touch,2021-06-22T13:55:28.677000+00:00,2021-06-22T13:55:28.677000+00:00,1,2021-06-22T13:55:28.677000+00:00,630048075,agg_trade,legacy_local_daily_aggtrades,2021-06-22T13:55:00+00:00,2021-06-22T14:00:00+00:00,exact_atomic_record
E00349,36623.0,3662300,HIGH,futures,4H,futures,4H,unique_5m_match,1,2021-06-29T17:30:00+00:00,multiple_exact_trade_touches,2021-06-29T17:33:24.143000+00:00,2021-06-29T17:33:24.144000+00:00,2,,,,,,,
E00351,29242.24,2924224,LOW,futures,4H,futures,4H,unique_5m_match,1,2021-07-20T14:15:00+00:00,source_unavailable,2021-07-20T14:17:56.085000+00:00,2021-07-20T14:17:56.085000+00:00,1,,,,,,,
E00352,48168.6,4816860,HIGH,futures,4H,futures,4H,unique_5m_match,1,2021-07-26T01:00:00+00:00,exact_unique_trade_touch,2021-07-26T01:01:57.802000+00:00,2021-07-26T01:01:57.802000+00:00,1,2021-07-26T01:01:57.802000+00:00,712415447,agg_trade,legacy_local_daily_aggtrades,2021-07-26T01:00:00+00:00,2021-07-26T01:05:00+00:00,exact_atomic_record
E00354,36384.31,3638431,LOW,futures,4H,futures,4H,unique_5m_match,1,2021-07-27T03:05:00+00:00,multiple_exact_trade_touches,2021-07-27T03:07:05.697000+00:00,2021-07-27T03:07:05.697000+00:00,2,,,,,,,
E00355,52950.0,5295000,HIGH,futures,4H,futures,4H,unique_5m_match,1,2021-09-07T03:15:00+00:00,multiple_exact_trade_touches,2021-09-07T03:19:16.073000+00:00,2021-09-07T03:19:18.051000+00:00,23,,,,,,,
E00361,39503.58,3950358,LOW,futures,4H,futures,4H,unique_5m_match,1,2021-09-21T21:20:00+00:00,source_unavailable,2021-09-21T21:20:09.473000+00:00,2021-09-21T21:20:09.473000+00:00,1,,,,,,,
E00366,69198.7,6919870,HIGH,futures,4H,futures,4H,unique_5m_match,1,2021-11-10T14:15:00+00:00,multiple_exact_trade_touches,2021-11-10T14:16:51.060000+00:00,2021-11-10T14:16:51.090000+00:00,2,,,,,,,
E00382,32853.83,3285383,LOW,futures,4H,futures,4H,unique_5m_match,1,2022-01-24T13:00:00+00:00,multiple_exact_trade_touches,2022-01-24T13:00:25.909000+00:00,2022-01-24T13:00:25.922000+00:00,5,,,,,,,
E00383,45847.5,4584750,HIGH,futures,4H,futures,4H,unique_5m_match,1,2022-02-10T17:15:00+00:00,multiple_exact_trade_touches,2022-02-10T17:17:48.446000+00:00,2022-02-10T17:17:49.093000+00:00,4,,,,,,,
E00387,34303.7,3430370,LOW,futures,4H,futures,4H,unique_5m_match,1,2022-02-24T05:35:00+00:00,source_unavailable,2022-02-24T05:38:19.377000+00:00,2022-02-24T05:38:19.377000+00:00,1,,,,,,,
E00388,45350.0,4535000,HIGH,futures,4H,futures,4H,unique_5m_match,1,2022-03-02T15:00:00+00:00,multiple_exact_trade_touches,2022-03-02T15:01:01.095000+00:00,2022-03-02T15:01:01.199000+00:00,8,,,,,,,
E00391,37500.0,3750000,LOW,futures,4H,futures,4H,unique_5m_match,1,2022-03-13T22:50:00+00:00,multiple_exact_trade_touches,2022-03-13T22:51:57.405000+00:00,2022-03-13T22:52:23.664000+00:00,8,,,,,,,
E00392,48200.0,4820000,HIGH,futures,4H,futures,4H,unique_5m_match,1,2022-03-28T18:50:00+00:00,multiple_exact_trade_touches,2022-03-28T18:52:51.340000+00:00,2022-03-28T18:52:51.357000+00:00,5,,,,,,,
E00407,26631.0,2663100,LOW,futures,4H,futures,4H,unique_5m_match,1,2022-05-12T07:15:00+00:00,source_unavailable,2022-05-12T07:18:04.450000+00:00,2022-05-12T07:18:04.450000+00:00,1,,,,,,,
E00408,32427.5,3242750,HIGH,futures,4H,futures,4H,unique_5m_match,1,2022-05-31T16:40:00+00:00,multiple_exact_trade_touches,2022-05-31T16:43:30.584000+00:00,2022-05-31T16:43:30.584000+00:00,2,,,,,,,
E00414,17593.2,1759320,LOW,futures,4H,futures,4H,unique_5m_match,1,2022-06-18T20:30:00+00:00,source_unavailable,2022-06-18T20:34:28.897000+00:00,2022-06-18T20:34:28.897000+00:00,1,,,,,,,
E00415,25200.0,2520000,HIGH,futures,4H,futures,4H,unique_5m_match,1,2022-08-15T03:15:00+00:00,multiple_exact_trade_touches,2022-08-15T03:16:32.531000+00:00,2022-08-15T03:17:40.873000+00:00,115,,,,,,,
E00422,18500.0,1850000,LOW,futures,4H,futures,4H,unique_5m_match,1,2022-09-07T02:20:00+00:00,multiple_exact_trade_touches,2022-09-07T02:24:31.491000+00:00,2022-09-07T02:24:53.242000+00:00,73,,,,,,,
E00423,22850.0,2285000,HIGH,futures,4H,futures,4H,unique_5m_match,1,2022-09-13T12:30:00+00:00,multiple_exact_trade_touches,2022-09-13T12:30:04.727000+00:00,2022-09-13T12:30:04.992000+00:00,39,,,,,,,
E00432,15443.2,1544320,LOW,futures,4H,futures,4H,unique_5m_match,1,2022-11-21T21:50:00+00:00,multiple_exact_trade_touches,2022-11-21T21:52:03.459000+00:00,2022-11-21T21:52:03.525000+00:00,14,,,,,,,
E00433,25347.6,2534760,HIGH,futures,4H,futures,4H,unique_5m_match,1,2023-02-21T08:25:00+00:00,source_unavailable,2023-02-21T08:29:11.203000+00:00,2023-02-21T08:29:11.203000+00:00,1,,,,,,,
E00435,19521.6,1952160,LOW,futures,4H,futures,4H,unique_5m_match,1,2023-03-10T10:45:00+00:00,multiple_exact_trade_touches,2023-03-10T10:48:17.357000+00:00,2023-03-10T10:48:17.406000+00:00,7,,,,,,,
E00436,31059.0,3105900,HIGH,futures,4H,futures,4H,unique_5m_match,1,2023-04-14T06:50:00+00:00,source_unavailable,2023-04-14T06:53:37.378000+00:00,2023-04-14T06:53:37.378000+00:00,1,,,,,,,
E00448,24777.0,2477700,LOW,futures,4H,futures,4H,unique_5m_match,1,2023-06-15T11:15:00+00:00,multiple_exact_trade_touches,2023-06-15T11:17:36.456000+00:00,2023-06-15T11:17:36.470000+00:00,4,,,,,,,
E00449,31850.0,3185000,HIGH,futures,4H,futures,4H,unique_5m_match,1,2023-07-13T19:30:00+00:00,multiple_exact_trade_touches,2023-07-13T19:32:00.064000+00:00,2023-07-13T19:32:00.101000+00:00,15,,,,,,,
E00453,24888.0,2488800,LOW,futures,4H,futures,4H,unique_5m_match,1,2023-09-11T20:00:00+00:00,multiple_exact_trade_touches,2023-09-11T20:02:00.207000+00:00,2023-09-11T20:02:00.798000+00:00,21,,,,,,,
E00454,35981.9,3598190,HIGH,futures,4H,futures,4H,unique_5m_match,1,2023-10-23T22:40:00+00:00,multiple_exact_trade_touches,2023-10-23T22:42:46.306000+00:00,2023-10-23T22:42:46.320000+00:00,3,,,,,,,
E00456,32833.5,3283350,LOW,futures,4H,futures,4H,unique_5m_match,1,2023-10-24T00:05:00+00:00,multiple_exact_trade_touches,2023-10-24T00:09:11.318000+00:00,2023-10-24T00:09:11.432000+00:00,3,,,,,,,
E00457,49027.5,4902750,HIGH,futures,4H,futures,4H,unique_5m_match,1,2024-01-11T14:50:00+00:00,multiple_exact_trade_touches,2024-01-11T14:51:33.460000+00:00,2024-01-11T14:51:33.461000+00:00,3,,,,,,,
E00461,38545.0,3854500,LOW,futures,4H,futures,4H,unique_5m_match,1,2024-01-23T14:20:00+00:00,multiple_exact_trade_touches,2024-01-23T14:21:48.753000+00:00,2024-01-23T14:21:48.754000+00:00,6,,,,,,,
E00468,73881.4,7388140,HIGH,futures,4H,futures,4H,unique_5m_match,1,2024-03-14T07:05:00+00:00,source_unavailable,2024-03-14T07:05:53.032000+00:00,2024-03-14T07:05:53.032000+00:00,1,,,,,,,
E00476,56537.7,5653770,LOW,futures,4H,futures,4H,unique_5m_match,1,2024-05-01T08:20:00+00:00,multiple_exact_trade_touches,2024-05-01T08:21:56.947000+00:00,2024-05-01T08:21:56.973000+00:00,5,,,,,,,
E00477,72144.0,7214400,HIGH,futures,4H,futures,4H,unique_5m_match,1,2024-06-07T12:30:00+00:00,multiple_exact_trade_touches,2024-06-07T12:30:02.888000+00:00,2024-06-07T12:30:02.889000+00:00,7,,,,,,,
E00483,53329.5,5332950,LOW,futures,4H,futures,4H,unique_5m_match,1,2024-07-05T04:15:00+00:00,multiple_exact_trade_touches,2024-07-05T04:19:40.895000+00:00,2024-07-05T04:19:40.972000+00:00,11,,,,,,,
E00484,70081.0,7008100,HIGH,futures,4H,futures,4H,unique_5m_match,1,2024-07-29T13:05:00+00:00,multiple_exact_trade_touches,2024-07-29T13:06:47.057000+00:00,2024-07-29T13:06:47.115000+00:00,27,,,,,,,
E00486,48888.0,4888800,LOW,futures,4H,futures,4H,unique_5m_match,1,2024-08-05T06:20:00+00:00,multiple_exact_trade_touches,2024-08-05T06:24:52.854000+00:00,2024-08-05T06:24:52.964000+00:00,10,,,,,,,
E00487,65175.4,6517540,HIGH,futures,4H,futures,4H,unique_5m_match,1,2024-08-25T23:25:00+00:00,source_unavailable,2024-08-25T23:28:04.672000+00:00,2024-08-25T23:28:04.672000+00:00,1,,,,,,,
E00490,53596.5,5359650,LOW,futures,4H,futures,4H,unique_5m_match,1,2024-09-08T16:00:00+00:00,multiple_exact_trade_touches,2024-09-08T16:02:18.637000+00:00,2024-09-08T16:02:18.709000+00:00,2,,,,,,,
E00506,108366.8,10836680,HIGH,futures,4H,futures,4H,unique_5m_match,1,2024-12-17T14:55:00+00:00,source_unavailable,2024-12-17T14:57:49.021000+00:00,2024-12-17T14:57:49.021000+00:00,1,,,,,,,
E00513,78200.2,7820020,LOW,futures,4H,futures,4H,unique_5m_match,1,2025-02-28T08:45:00+00:00,multiple_exact_trade_touches,2025-02-28T08:45:42.153000+00:00,2025-02-28T08:45:42.232000+00:00,8,,,,,,,
E00514,94971.0,9497100,HIGH,futures,4H,futures,4H,unique_5m_match,1,2025-03-02T17:45:00+00:00,source_unavailable,2025-03-02T17:47:13.169000+00:00,2025-03-02T17:47:13.169000+00:00,1,,,,,,,
E00517,74457.0,7445700,LOW,futures,4H,futures,4H,unique_5m_match,1,2025-04-07T07:00:00+00:00,source_unavailable,2025-04-07T07:04:39.253000+00:00,2025-04-07T07:04:39.253000+00:00,1,,,,,,,
E00529,126208.5,12620850,HIGH,futures,4H,futures,4H,unique_5m_match,1,2025-10-06T18:55:00+00:00,source_unavailable,2025-10-06T18:58:12.120000+00:00,2025-10-06T18:58:12.120000+00:00,1,,,,,,,
E00542,80600.0,8060000,LOW,futures,4H,futures,4H,unique_5m_match,1,2025-11-21T12:25:00+00:00,multiple_exact_trade_touches,2025-11-21T12:29:36.882000+00:00,2025-11-21T12:29:37.715000+00:00,32,,,,,,,
E00543,97932.1,9793210,HIGH,futures,4H,futures,4H,unique_5m_match,1,2026-01-14T20:10:00+00:00,exact_unique_trade_touch,2026-01-14T20:11:46.467000+00:00,2026-01-14T20:11:46.467000+00:00,1,2026-01-14T20:11:46.467000+00:00,3054491161,agg_trade,legacy_local_daily_aggtrades,2026-01-14T20:10:00+00:00,2026-01-14T20:15:00+00:00,exact_atomic_record
E00550,59800.0,5980000,LOW,futures,4H,futures,4H,unique_5m_match,1,2026-02-06T00:15:00+00:00,multiple_exact_trade_touches,2026-02-06T00:19:52.422000+00:00,2026-02-06T00:19:52.609000+00:00,12,,,,,,,
E00551,82828.7,8282870,HIGH,futures,4H,futures,4H,unique_5m_match,1,2026-05-06T11:20:00+00:00,multiple_exact_trade_touches,2026-05-06T11:22:38.699000+00:00,2026-05-06T11:22:38.699000+00:00,3,,,,,,,
