market,trade_date,source_type,source_granularity,source_origin,status,archive_path,sha256
futures,2019-10-23,trades,raw_trade,raw_fallback_missing_local_aggtrades,fallback,/Users/yeshevika/Documents/Codex/2026-08-16/files-pasted-by-the-user-read/work/candle and tick data/futures/ticks/official_daily_raw_trades_zip/2019/10.2019/BTCUSDT-trades-2019-10-23.zip,b28d77faa956f4d11228c97be85e3e75506106207cd2653148533c6a6ee0c69b
futures,2019-10-26,trades,raw_trade,raw_fallback_missing_local_aggtrades,fallback,/Users/yeshevika/Documents/Codex/2026-08-16/files-pasted-by-the-user-read/work/candle and tick data/futures/ticks/official_daily_raw_trades_zip/2019/10.2019/BTCUSDT-trades-2019-10-26.zip,bd97db9aac995d30f50808c67163c22b7b609ceb7188f9edb6148a27eb1d6fdf
futures,2019-11-25,trades,raw_trade,raw_fallback_missing_local_aggtrades,fallback,/Users/yeshevika/Documents/Codex/2026-08-16/files-pasted-by-the-user-read/work/candle and tick data/futures/ticks/official_daily_raw_trades_zip/2019/11.2019/BTCUSDT-trades-2019-11-25.zip,e760bb60ca87eab9917c71cf52d9e5bdfa3b89797a10bda20f6999795c0e12a8
futures,2019-11-29,trades,raw_trade,raw_fallback_missing_local_aggtrades,fallback,/Users/yeshevika/Documents/Codex/2026-08-16/files-pasted-by-the-user-read/work/candle and tick data/futures/ticks/official_daily_raw_trades_zip/2019/11.2019/BTCUSDT-trades-2019-11-29.zip,2c958d1775b0b6b59b2f9b7bdbbf1360cecf1026d8d6759a506932ed90610d05
futures,2020-01-03,aggTrades,agg_trade,legacy_local_daily_aggtrades,primary,/Users/yeshevika/Documents/Codex/2026-05-30/sfp-vah-val-poc-cvd-one/tick data/2020/01.2020/BTCUSDT-aggTrades-2020-01-03.zip,cc460dea3e91365b90f0bd295660d7a780c47ee68cf504045dbc3394316ee71f
futures,2020-02-13,aggTrades,agg_trade,legacy_local_daily_aggtrades,primary,/Users/yeshevika/Documents/Codex/2026-05-30/sfp-vah-val-poc-cvd-one/tick data/2020/02.2020/BTCUSDT-aggTrades-2020-02-13.zip,92fffdb34b0e1cff726aec2780417cb7ebd97c6ecdeaaef8bc23f8e90a15510c
futures,2020-03-12,aggTrades,agg_trade,legacy_local_daily_aggtrades,primary,/Users/yeshevika/Documents/Codex/2026-05-30/sfp-vah-val-poc-cvd-one/tick data/2020/03.2020/BTCUSDT-aggTrades-2020-03-12.zip,4b77e99007793cb14990091d2bf8b177ab7afb6317bf57583543a0958db1c415
futures,2020-03-19,aggTrades,agg_trade,legacy_local_daily_aggtrades,primary,/Users/yeshevika/Documents/Codex/2026-05-30/sfp-vah-val-poc-cvd-one/tick data/2020/03.2020/BTCUSDT-aggTrades-2020-03-19.zip,f2c8e8c2276a05ad204ee9da10cb56abd207df827b357532f7c2758269666da5
futures,2020-03-20,aggTrades,agg_trade,legacy_local_daily_aggtrades,primary,/Users/yeshevika/Documents/Codex/2026-05-30/sfp-vah-val-poc-cvd-one/tick data/2020/03.2020/BTCUSDT-aggTrades-2020-03-20.zip,ff6307034d242d1883d10b6f22667c4b8150cbd014beb57c527f61f2df738b9a
futures,2020-05-07,aggTrades,agg_trade,legacy_local_daily_aggtrades,primary,/Users/yeshevika/Documents/Codex/2026-05-30/sfp-vah-val-poc-cvd-one/tick data/2020/05.2020/BTCUSDT-aggTrades-2020-05-07.zip,22f6b01f42aa79abe55e7d03199ba809c7a4bded7a722b201276c1f3eef154d2
futures,2020-05-11,aggTrades,agg_trade,legacy_local_daily_aggtrades,primary,/Users/yeshevika/Documents/Codex/2026-05-30/sfp-vah-val-poc-cvd-one/tick data/2020/05.2020/BTCUSDT-aggTrades-2020-05-11.zip,6ffea51f7d4082ad6bd19f6929fe759ba01ca53c3b8c3b470fe025ef7c3573e8
futures,2020-08-17,aggTrades,agg_trade,legacy_local_daily_aggtrades,primary,/Users/yeshevika/Documents/Codex/2026-05-30/sfp-vah-val-poc-cvd-one/tick data/2020/08.2020/BTCUSDT-aggTrades-2020-08-17.zip,6ea37540fafa8f18eafcb49a32604f9106cd0c0ab3aacca7bb600dad989b5d69
futures,2020-09-05,aggTrades,agg_trade,legacy_local_daily_aggtrades,primary,/Users/yeshevika/Documents/Codex/2026-05-30/sfp-vah-val-poc-cvd-one/tick data/2020/09.2020/BTCUSDT-aggTrades-2020-09-05.zip,07c7c087d488729c45d796b3fbee990f54ac285a36a6fcb702afcaed4dc0e18a
futures,2020-11-25,aggTrades,agg_trade,legacy_local_daily_aggtrades,primary,/Users/yeshevika/Documents/Codex/2026-05-30/sfp-vah-val-poc-cvd-one/tick data/2020/11.2020/BTCUSDT-aggTrades-2020-11-25.zip,01de523c22e2592614be56cde170cea1ee08700a0fc3bd91c6a684d7bb02bb50
futures,2020-11-27,aggTrades,agg_trade,legacy_local_daily_aggtrades,primary,/Users/yeshevika/Documents/Codex/2026-05-30/sfp-vah-val-poc-cvd-one/tick data/2020/11.2020/BTCUSDT-aggTrades-2020-11-27.zip,24b85917101c0b97ee26b7c127c42954c71e9ae07b582abb355868ab2ed23d3a
futures,2021-01-03,aggTrades,agg_trade,legacy_local_daily_aggtrades,primary,/Users/yeshevika/Documents/Codex/2026-05-30/sfp-vah-val-poc-cvd-one/tick data/2021/01.2021/BTCUSDT-aggTrades-2021-01-03.zip,730903eaf5676d21ddc5153cbd73a0c33eb5e7603afa1f6bae95000229e6f632
futures,2021-01-05,aggTrades,agg_trade,legacy_local_daily_aggtrades,primary,/Users/yeshevika/Documents/Codex/2026-05-30/sfp-vah-val-poc-cvd-one/tick data/2021/01.2021/BTCUSDT-aggTrades-2021-01-05.zip,67636158ffcbe61d6a3a243e4df4c830d2cc6faa850a0904548625e9fa626eea
futures,2021-01-08,aggTrades,agg_trade,legacy_local_daily_aggtrades,primary,/Users/yeshevika/Documents/Codex/2026-05-30/sfp-vah-val-poc-cvd-one/tick data/2021/01.2021/BTCUSDT-aggTrades-2021-01-08.zip,7e8ee66a367235742161650300cca4e1846b6b61627b5b33e5f9df1907ab94fa
futures,2021-01-13,aggTrades,agg_trade,legacy_local_daily_aggtrades,primary,/Users/yeshevika/Documents/Codex/2026-05-30/sfp-vah-val-poc-cvd-one/tick data/2021/01.2021/BTCUSDT-aggTrades-2021-01-13.zip,cbdee298cfc57432f53f5641390fc964a2543238eb0dd785f3c11d1299fea40f
futures,2021-01-14,aggTrades,agg_trade,legacy_local_daily_aggtrades,primary,/Users/yeshevika/Documents/Codex/2026-05-30/sfp-vah-val-poc-cvd-one/tick data/2021/01.2021/BTCUSDT-aggTrades-2021-01-14.zip,1f0627c32f70170a30ce38e8c68a7be62f2fd09a9c48324761ede4e5d29c3383
futures,2021-01-22,aggTrades,agg_trade,legacy_local_daily_aggtrades,primary,/Users/yeshevika/Documents/Codex/2026-05-30/sfp-vah-val-poc-cvd-one/tick data/2021/01.2021/BTCUSDT-aggTrades-2021-01-22.zip,a351d40ae2c187e0e90a63578135dfd99e31a4156761ff7a5953cabbbd9eb7f6
futures,2021-01-29,aggTrades,agg_trade,legacy_local_daily_aggtrades,primary,/Users/yeshevika/Documents/Codex/2026-05-30/sfp-vah-val-poc-cvd-one/tick data/2021/01.2021/BTCUSDT-aggTrades-2021-01-29.zip,749644c78e9e7f210ea79c6fc8a2a686864ba147139deddec10802c5aab6c7bd
futures,2021-01-31,aggTrades,agg_trade,legacy_local_daily_aggtrades,primary,/Users/yeshevika/Documents/Codex/2026-05-30/sfp-vah-val-poc-cvd-one/tick data/2021/01.2021/BTCUSDT-aggTrades-2021-01-31.zip,ee3f2d401583d75941aa6488c451c8868ab7648e198b0bf4bac56d8051cd7ef6
futures,2021-02-08,aggTrades,agg_trade,legacy_local_daily_aggtrades,primary,/Users/yeshevika/Documents/Codex/2026-05-30/sfp-vah-val-poc-cvd-one/tick data/2021/02.2021/BTCUSDT-aggTrades-2021-02-08.zip,920f20ca80efaaf806b6de711611e5b59260c9fb8671fc20d9bc635fb2d4cbe0
futures,2021-02-10,aggTrades,agg_trade,legacy_local_daily_aggtrades,primary,/Users/yeshevika/Documents/Codex/2026-05-30/sfp-vah-val-poc-cvd-one/tick data/2021/02.2021/BTCUSDT-aggTrades-2021-02-10.zip,bf978582464cda904faa555e8894beed0ac691cb2fc5f43851be537f308a9452
futures,2021-02-21,aggTrades,agg_trade,legacy_local_daily_aggtrades,primary,/Users/yeshevika/Documents/Codex/2026-05-30/sfp-vah-val-poc-cvd-one/tick data/2021/02.2021/BTCUSDT-aggTrades-2021-02-21.zip,d383a91c02278a92996f6df4ec3fa035e7377e0f41d8d498824e73f3a75bef04
futures,2021-02-28,aggTrades,agg_trade,legacy_local_daily_aggtrades,primary,/Users/yeshevika/Documents/Codex/2026-05-30/sfp-vah-val-poc-cvd-one/tick data/2021/02.2021/BTCUSDT-aggTrades-2021-02-28.zip,36252e87480b0b668984fee468afafec3375f91501a3d376c9b3ed66a41991fe
futures,2021-03-13,aggTrades,agg_trade,legacy_local_daily_aggtrades,primary,/Users/yeshevika/Documents/Codex/2026-05-30/sfp-vah-val-poc-cvd-one/tick data/2021/03.2021/BTCUSDT-aggTrades-2021-03-13.zip,64a2b28ea38b5e9a7891e65876e8ad8059e2d0ce7562bb591d728d21e4b38bed
futures,2021-03-26,aggTrades,agg_trade,legacy_local_daily_aggtrades,primary,/Users/yeshevika/Documents/Codex/2026-05-30/sfp-vah-val-poc-cvd-one/tick data/2021/03.2021/BTCUSDT-aggTrades-2021-03-26.zip,0207be023d48e71cb8118c1e95976c264a17242c7cd3a4a4c7498d32203b98b2
futures,2021-04-14,aggTrades,agg_trade,legacy_local_daily_aggtrades,primary,/Users/yeshevika/Documents/Codex/2026-05-30/sfp-vah-val-poc-cvd-one/tick data/2021/04.2021/BTCUSDT-aggTrades-2021-04-14.zip,b59020ff8d9e0e007bc6266d546171565cecc889998218f069a921f48825799c
futures,2021-04-25,aggTrades,agg_trade,legacy_local_daily_aggtrades,primary,/Users/yeshevika/Documents/Codex/2026-05-30/sfp-vah-val-poc-cvd-one/tick data/2021/04.2021/BTCUSDT-aggTrades-2021-04-25.zip,dc3f991884f81de29d0762e46b95fbaacfb02ddbc3a46e6ea26a310e679cdd89
futures,2021-05-10,aggTrades,agg_trade,legacy_local_daily_aggtrades,primary,/Users/yeshevika/Documents/Codex/2026-05-30/sfp-vah-val-poc-cvd-one/tick data/2021/05.2021/BTCUSDT-aggTrades-2021-05-10.zip,ab3caa06a855fd0ccb0f79fb3013def835e5b8143fa437f7916fedd723017a4f
futures,2021-05-19,aggTrades,agg_trade,legacy_local_daily_aggtrades,primary,/Users/yeshevika/Documents/Codex/2026-05-30/sfp-vah-val-poc-cvd-one/tick data/2021/05.2021/BTCUSDT-aggTrades-2021-05-19.zip,f9857256aae14cf78d76959d84408a881a9b6c8e8bfe214c86f12bcc80eb5bbb
futures,2021-05-21,aggTrades,agg_trade,legacy_local_daily_aggtrades,primary,/Users/yeshevika/Documents/Codex/2026-05-30/sfp-vah-val-poc-cvd-one/tick data/2021/05.2021/BTCUSDT-aggTrades-2021-05-21.zip,9d031a7dff8640bb56cc144a00c459bde58db04b6f375787feeb5b121c807d80
futures,2021-05-23,aggTrades,agg_trade,legacy_local_daily_aggtrades,primary,/Users/yeshevika/Documents/Codex/2026-05-30/sfp-vah-val-poc-cvd-one/tick data/2021/05.2021/BTCUSDT-aggTrades-2021-05-23.zip,3c766a1e668d0061d6ec033038188ccf7de8432217cb3b95ddc87a48a7530805
futures,2021-05-26,aggTrades,agg_trade,legacy_local_daily_aggtrades,primary,/Users/yeshevika/Documents/Codex/2026-05-30/sfp-vah-val-poc-cvd-one/tick data/2021/05.2021/BTCUSDT-aggTrades-2021-05-26.zip,65635aade26dfb71281cd75a95fe887fef3a07fafb31f1997d2af1c645f96ee5
futures,2021-06-08,aggTrades,agg_trade,legacy_local_daily_aggtrades,primary,/Users/yeshevika/Documents/Codex/2026-05-30/sfp-vah-val-poc-cvd-one/tick data/2021/06.2021/BTCUSDT-aggTrades-2021-06-08.zip,4c71c6ca0921341e0b8e9f6ec3eb04f232cf715d611a8c015d97bf4f2af6afd5
futures,2021-06-15,aggTrades,agg_trade,legacy_local_daily_aggtrades,primary,/Users/yeshevika/Documents/Codex/2026-05-30/sfp-vah-val-poc-cvd-one/tick data/2021/06.2021/BTCUSDT-aggTrades-2021-06-15.zip,1bf901e1cc8dd5653f14c124fe9d17ba2a99459a241b1c164a224e2e359c528b
futures,2021-06-22,aggTrades,agg_trade,legacy_local_daily_aggtrades,primary,/Users/yeshevika/Documents/Codex/2026-05-30/sfp-vah-val-poc-cvd-one/tick data/2021/06.2021/BTCUSDT-aggTrades-2021-06-22.zip,bf0c73e786625d03865a85628bd06b773dcf87c16a5c20b4375c4a010f3b9ef3
futures,2021-06-29,aggTrades,agg_trade,legacy_local_daily_aggtrades,primary,/Users/yeshevika/Documents/Codex/2026-05-30/sfp-vah-val-poc-cvd-one/tick data/2021/06.2021/BTCUSDT-aggTrades-2021-06-29.zip,35f5100e883c6c64ba51b334f9e61ab8b5b70440d9a439138f64107cb58ee36f
futures,2021-07-20,aggTrades,agg_trade,legacy_local_daily_aggtrades,primary,/Users/yeshevika/Documents/Codex/2026-05-30/sfp-vah-val-poc-cvd-one/tick data/2021/07.2021/BTCUSDT-aggTrades-2021-07-20.zip,5df48cced338784ffc2b60754dc7453bf2fbb86de5457c63afb31a173985331d
futures,2021-07-26,aggTrades,agg_trade,legacy_local_daily_aggtrades,primary,/Users/yeshevika/Documents/Codex/2026-05-30/sfp-vah-val-poc-cvd-one/tick data/2021/07.2021/BTCUSDT-aggTrades-2021-07-26.zip,b230eb10f3a963afe479aa17ab165c8df08cd0d00027f051d6667282fe09159d
futures,2021-07-27,aggTrades,agg_trade,legacy_local_daily_aggtrades,primary,/Users/yeshevika/Documents/Codex/2026-05-30/sfp-vah-val-poc-cvd-one/tick data/2021/07.2021/BTCUSDT-aggTrades-2021-07-27.zip,350ec906ec171bd06e9ed9a986370f5713f0440ba48b0827b1551c32788eadb6
futures,2021-09-07,aggTrades,agg_trade,legacy_local_daily_aggtrades,primary,/Users/yeshevika/Documents/Codex/2026-05-30/sfp-vah-val-poc-cvd-one/tick data/2021/09.2021/BTCUSDT-aggTrades-2021-09-07.zip,687b38f4a93e5e5940800ac8ac7517ad9fcd6ec097bf16cf41d04d7d166f3473
futures,2021-09-21,aggTrades,agg_trade,legacy_local_daily_aggtrades,primary,/Users/yeshevika/Documents/Codex/2026-05-30/sfp-vah-val-poc-cvd-one/tick data/2021/09.2021/BTCUSDT-aggTrades-2021-09-21.zip,1548e4bc828d0d9be54d5b408de9a2540fa79bc40520fd89e4919dd43b0807ba
futures,2021-11-10,aggTrades,agg_trade,legacy_local_daily_aggtrades,primary,/Users/yeshevika/Documents/Codex/2026-05-30/sfp-vah-val-poc-cvd-one/tick data/2021/11.2021/BTCUSDT-aggTrades-2021-11-10.zip,f6c4178113439c67826529e8cc2c496dea7f4f091dbd92bbc4f2abcb9dc8f583
futures,2022-01-24,aggTrades,agg_trade,legacy_local_daily_aggtrades,primary,/Users/yeshevika/Documents/Codex/2026-05-30/sfp-vah-val-poc-cvd-one/tick data/2022/01.2022/BTCUSDT-aggTrades-2022-01-24.zip,7817713f34ac0f28e25f09160bac877982deb01c0c9e599917e7b64d54cef217
futures,2022-02-10,aggTrades,agg_trade,legacy_local_daily_aggtrades,primary,/Users/yeshevika/Documents/Codex/2026-05-30/sfp-vah-val-poc-cvd-one/tick data/2022/02.2022/BTCUSDT-aggTrades-2022-02-10.zip,0b1d96dc665db641d1efe362ff85eabbef144e065a6d2bebf86bec5488bda2dd
futures,2022-02-24,aggTrades,agg_trade,legacy_local_daily_aggtrades,primary,/Users/yeshevika/Documents/Codex/2026-05-30/sfp-vah-val-poc-cvd-one/tick data/2022/02.2022/BTCUSDT-aggTrades-2022-02-24.zip,efb1b857a565dc91bc2a2bdd5d9a576c7d964172ee4d5d2454f1c31a853cd377
futures,2022-03-02,aggTrades,agg_trade,legacy_local_daily_aggtrades,primary,/Users/yeshevika/Documents/Codex/2026-05-30/sfp-vah-val-poc-cvd-one/tick data/2022/03.2022/BTCUSDT-aggTrades-2022-03-02.zip,cad7b83cb5f463449cd6a16f46050dca8a5c2186f70e3feff675e95876d5a40c
futures,2022-03-13,aggTrades,agg_trade,legacy_local_daily_aggtrades,primary,/Users/yeshevika/Documents/Codex/2026-05-30/sfp-vah-val-poc-cvd-one/tick data/2022/03.2022/BTCUSDT-aggTrades-2022-03-13.zip,b5bc660e3e1a3698ea1c7ba8103aa28cc72566ac02224888a2440a00eb4e436a
futures,2022-03-28,aggTrades,agg_trade,legacy_local_daily_aggtrades,primary,/Users/yeshevika/Documents/Codex/2026-05-30/sfp-vah-val-poc-cvd-one/tick data/2022/03.2022/BTCUSDT-aggTrades-2022-03-28.zip,f4171bce4b3f2640cf5b818c5576433821ec1c3f77383380ca11597425776fa7
futures,2022-05-12,aggTrades,agg_trade,legacy_local_daily_aggtrades,primary,/Users/yeshevika/Documents/Codex/2026-05-30/sfp-vah-val-poc-cvd-one/tick data/2022/05.2022/BTCUSDT-aggTrades-2022-05-12.zip,1cfcdf227720718dc7aefb0ff519e1eb5a9d0789bc290f9b32ef7334dba79f31
futures,2022-05-31,aggTrades,agg_trade,legacy_local_daily_aggtrades,primary,/Users/yeshevika/Documents/Codex/2026-05-30/sfp-vah-val-poc-cvd-one/tick data/2022/05.2022/BTCUSDT-aggTrades-2022-05-31.zip,5f060ed480f928b0387361c6b138be31161c06c097cee37133c9f564cd8b31b9
futures,2022-06-18,aggTrades,agg_trade,legacy_local_daily_aggtrades,primary,/Users/yeshevika/Documents/Codex/2026-05-30/sfp-vah-val-poc-cvd-one/tick data/2022/06.2022/BTCUSDT-aggTrades-2022-06-18.zip,3c8d63e9df7ae4dc9848b6dd88927fce722e295e3c0ec9d21902af4493578a97
futures,2022-08-15,aggTrades,agg_trade,legacy_local_daily_aggtrades,primary,/Users/yeshevika/Documents/Codex/2026-05-30/sfp-vah-val-poc-cvd-one/tick data/2022/08.2022/BTCUSDT-aggTrades-2022-08-15.zip,d6e2678ee4b1abf88aca0bbc570d1d9b5480fc4cfb8e805b5c5926786622f2e7
futures,2022-09-07,aggTrades,agg_trade,legacy_local_daily_aggtrades,primary,/Users/yeshevika/Documents/Codex/2026-05-30/sfp-vah-val-poc-cvd-one/tick data/2022/09.2022/BTCUSDT-aggTrades-2022-09-07.zip,b3388b1ee6eea40db3ea23268967d4e9b82f87dafb59279b6f5130331a3ea52b
futures,2022-09-13,aggTrades,agg_trade,legacy_local_daily_aggtrades,primary,/Users/yeshevika/Documents/Codex/2026-05-30/sfp-vah-val-poc-cvd-one/tick data/2022/09.2022/BTCUSDT-aggTrades-2022-09-13.zip,f578a654c08084af2c85e304faf4a59572a1bcbaff92aab49987148ed2d1f9b4
futures,2022-11-21,aggTrades,agg_trade,legacy_local_daily_aggtrades,primary,/Users/yeshevika/Documents/Codex/2026-05-30/sfp-vah-val-poc-cvd-one/tick data/2022/11.2022/BTCUSDT-aggTrades-2022-11-21.zip,8644bd0120267eda9491f9253b6233445b9dc5ca790d07a65e717af971d48166
futures,2023-02-21,aggTrades,agg_trade,legacy_local_daily_aggtrades,primary,/Users/yeshevika/Documents/Codex/2026-05-30/sfp-vah-val-poc-cvd-one/tick data/2023/02.2023/BTCUSDT-aggTrades-2023-02-21.zip,be40edce7ebe9870b482fca4a21630222f9fe6b2051d77c27058149e9d4b29ef
futures,2023-03-10,aggTrades,agg_trade,legacy_local_daily_aggtrades,primary,/Users/yeshevika/Documents/Codex/2026-05-30/sfp-vah-val-poc-cvd-one/tick data/2023/03.2023/BTCUSDT-aggTrades-2023-03-10.zip,3718813c08cbb176011470817004117cc50c6530308a1ca13621607dc21ce30a
futures,2023-04-14,aggTrades,agg_trade,legacy_local_daily_aggtrades,primary,/Users/yeshevika/Documents/Codex/2026-05-30/sfp-vah-val-poc-cvd-one/tick data/2023/04.2023/BTCUSDT-aggTrades-2023-04-14.zip,6ed99acb07611ea1191a33808f78c9a3b4990358906687f82138eebd7217c2cd
futures,2023-06-15,aggTrades,agg_trade,legacy_local_daily_aggtrades,primary,/Users/yeshevika/Documents/Codex/2026-05-30/sfp-vah-val-poc-cvd-one/tick data/2023/06.2023/BTCUSDT-aggTrades-2023-06-15.zip,5b56d1ae725daa9f9f6079c970f4dcad97e375c90a556afbb9023e09e5418146
futures,2023-07-13,aggTrades,agg_trade,legacy_local_daily_aggtrades,primary,/Users/yeshevika/Documents/Codex/2026-05-30/sfp-vah-val-poc-cvd-one/tick data/2023/07.2023/BTCUSDT-aggTrades-2023-07-13.zip,a13df5505cc59dc52451859e7a907e7e7c737525ede7ec19278649e46b7bab96
futures,2023-09-11,aggTrades,agg_trade,legacy_local_daily_aggtrades,primary,/Users/yeshevika/Documents/Codex/2026-05-30/sfp-vah-val-poc-cvd-one/tick data/2023/09.2023/BTCUSDT-aggTrades-2023-09-11.zip,6f117b474dfe11b204bf54afe09fb5a1a37bb4d43b8c9e35503a6ceea38b40da
futures,2023-10-23,aggTrades,agg_trade,legacy_local_daily_aggtrades,primary,/Users/yeshevika/Documents/Codex/2026-05-30/sfp-vah-val-poc-cvd-one/tick data/2023/10.2023/BTCUSDT-aggTrades-2023-10-23.zip,5658fbec2645d773f5188b99476acda222bd253c3807ef7cd6666d99102d011b
futures,2023-10-24,aggTrades,agg_trade,legacy_local_daily_aggtrades,primary,/Users/yeshevika/Documents/Codex/2026-05-30/sfp-vah-val-poc-cvd-one/tick data/2023/10.2023/BTCUSDT-aggTrades-2023-10-24.zip,839db2652e093353b59a43cd46f7bccb68786418ccea1c843c23f5956b9ec29a
futures,2024-01-11,aggTrades,agg_trade,legacy_local_daily_aggtrades,primary,/Users/yeshevika/Documents/Codex/2026-05-30/sfp-vah-val-poc-cvd-one/tick data/2024/01.2024/BTCUSDT-aggTrades-2024-01-11.zip,f5b1638ab61108675228e0a30654efbcff9c867a97dffc69ed1f1ff9d11ba576
futures,2024-01-23,aggTrades,agg_trade,legacy_local_daily_aggtrades,primary,/Users/yeshevika/Documents/Codex/2026-05-30/sfp-vah-val-poc-cvd-one/tick data/2024/01.2024/BTCUSDT-aggTrades-2024-01-23.zip,f8dbeaaccb08408feb344f2f6c46041239bc980a3b103d52e921f8ff1e435e0e
futures,2024-03-14,aggTrades,agg_trade,legacy_local_daily_aggtrades,primary,/Users/yeshevika/Documents/Codex/2026-05-30/sfp-vah-val-poc-cvd-one/tick data/2024/03.2024/BTCUSDT-aggTrades-2024-03-14.zip,40033db6c64e897f2ffc6cae5f5cd1c86c8a0c626f6fbedaf5a0b01605f4564b
futures,2024-05-01,aggTrades,agg_trade,legacy_local_daily_aggtrades,primary,/Users/yeshevika/Documents/Codex/2026-05-30/sfp-vah-val-poc-cvd-one/tick data/2024/05.2024/BTCUSDT-aggTrades-2024-05-01.zip,f41f292348137f14cfc888ba458fabbaa7db95a871c45191c42c74993cce8c4a
futures,2024-06-07,aggTrades,agg_trade,legacy_local_daily_aggtrades,primary,/Users/yeshevika/Documents/Codex/2026-05-30/sfp-vah-val-poc-cvd-one/tick data/2024/06.2024/BTCUSDT-aggTrades-2024-06-07.zip,7ab0dbb225de014133a92b4cadefdba25f35faf7639fa54b26495b22fb4581ab
futures,2024-07-05,aggTrades,agg_trade,legacy_local_daily_aggtrades,primary,/Users/yeshevika/Documents/Codex/2026-05-30/sfp-vah-val-poc-cvd-one/tick data/2024/07.2024/BTCUSDT-aggTrades-2024-07-05.zip,4c2e5fe5c82068a20c425f504698f51d0d42a064fbde9fc257d1eac8b1cae49a
futures,2024-07-29,aggTrades,agg_trade,legacy_local_daily_aggtrades,primary,/Users/yeshevika/Documents/Codex/2026-05-30/sfp-vah-val-poc-cvd-one/tick data/2024/07.2024/BTCUSDT-aggTrades-2024-07-29.zip,5216f2a88fc9c99e718fa62fcefab11bb8124ed565d67cb5ce89b6537c028133
futures,2024-08-05,aggTrades,agg_trade,legacy_local_daily_aggtrades,primary,/Users/yeshevika/Documents/Codex/2026-05-30/sfp-vah-val-poc-cvd-one/tick data/2024/08.2024/BTCUSDT-aggTrades-2024-08-05.zip,84551287a2c06e0e9e862fb76c51cf5d8cd42f7532151c73a1a1753fb058677c
futures,2024-08-25,aggTrades,agg_trade,legacy_local_daily_aggtrades,primary,/Users/yeshevika/Documents/Codex/2026-05-30/sfp-vah-val-poc-cvd-one/tick data/2024/08.2024/BTCUSDT-aggTrades-2024-08-25.zip,75f92adac3b98842f57ef1004ee5ce05a07132897eb1d566f00d0e823877211b
futures,2024-09-08,aggTrades,agg_trade,legacy_local_daily_aggtrades,primary,/Users/yeshevika/Documents/Codex/2026-05-30/sfp-vah-val-poc-cvd-one/tick data/2024/09.2024/BTCUSDT-aggTrades-2024-09-08.zip,654cce830312bb3858e00f88b04713b60b9d2014d4c8c9e0ffd1ef191064090a
futures,2024-12-17,aggTrades,agg_trade,legacy_local_daily_aggtrades,primary,/Users/yeshevika/Documents/Codex/2026-05-30/sfp-vah-val-poc-cvd-one/tick data/2024/12.2024/BTCUSDT-aggTrades-2024-12-17.zip,c35e22515ce95e39f9c0040b9c69d8bd85869c38d6521803884dc6e0b490f913
futures,2025-02-28,aggTrades,agg_trade,legacy_local_daily_aggtrades,primary,/Users/yeshevika/Documents/Codex/2026-05-30/sfp-vah-val-poc-cvd-one/tick data/2025/02.2025/BTCUSDT-aggTrades-2025-02-28.zip,1ea4d9d99262334d775530a85cc021f3fcf52bf8978a62d1def7b95839e1380f
futures,2025-03-02,aggTrades,agg_trade,legacy_local_daily_aggtrades,primary,/Users/yeshevika/Documents/Codex/2026-05-30/sfp-vah-val-poc-cvd-one/tick data/2025/03.2025/BTCUSDT-aggTrades-2025-03-02.zip,72aa169e62f891c6759fa7cfc7f9014cf0552612510fe1cee549b17ef59c2d20
futures,2025-04-07,aggTrades,agg_trade,legacy_local_daily_aggtrades,primary,/Users/yeshevika/Documents/Codex/2026-05-30/sfp-vah-val-poc-cvd-one/tick data/2025/04.2025/BTCUSDT-aggTrades-2025-04-07.zip,5ad51685f958a72b2c6cd05df1671333fa734bf0742c3cd500bcca5e3dc0cc7c
futures,2025-10-06,aggTrades,agg_trade,legacy_local_daily_aggtrades,primary,/Users/yeshevika/Documents/Codex/2026-05-30/sfp-vah-val-poc-cvd-one/tick data/2025/10.2025/BTCUSDT-aggTrades-2025-10-06.zip,7a516de260d670cae2e6a0f84ae42054612485b9976e9c5bd97338244d8e6432
futures,2025-11-21,aggTrades,agg_trade,legacy_local_daily_aggtrades,primary,/Users/yeshevika/Documents/Codex/2026-05-30/sfp-vah-val-poc-cvd-one/tick data/2025/11.2025/BTCUSDT-aggTrades-2025-11-21.zip,49e8b14b2035c0140e5bd190f51a1c863877878ea74ba92ffb80f62b47e94e1c
futures,2026-01-14,aggTrades,agg_trade,legacy_local_daily_aggtrades,primary,/Users/yeshevika/Documents/Codex/2026-05-30/sfp-vah-val-poc-cvd-one/tick data/2026/01.2026/BTCUSDT-aggTrades-2026-01-14.zip,bfaaae59b290421aae3bf9cd2c82ce0f77d6dc007198cb48e4864759225e091c
futures,2026-02-06,aggTrades,agg_trade,legacy_local_daily_aggtrades,primary,/Users/yeshevika/Documents/Codex/2026-05-30/sfp-vah-val-poc-cvd-one/tick data/2026/02.2026/BTCUSDT-aggTrades-2026-02-06.zip,f5c23447f8120f1a762506d8a7c8355ecf95ff132ffa837c3ef2c2e87054a3f1
futures,2026-05-06,aggTrades,agg_trade,legacy_local_daily_aggtrades,primary,/Users/yeshevika/Documents/Codex/2026-05-30/sfp-vah-val-poc-cvd-one/tick data/2026/05.2026/BTCUSDT-aggTrades-2026-05-06.zip,790b617d9fa5888280e0baa8cf465a20641ab09c49f1259d4876e4a43f51685a
spot,2017-08-23,trades,raw_trade,raw_fallback_missing_local_aggtrades,fallback,/Users/yeshevika/Documents/Codex/2026-08-16/files-pasted-by-the-user-read/work/candle and tick data/spot/ticks/official_daily_raw_trades_zip/2017/08.2017/BTCUSDT-trades-2017-08-23.zip,d8efb694e0b601c5ab66e016082e43af1f7d026e30000405cbd529ecba5d199e
spot,2017-09-02,aggTrades,agg_trade,local_official_monthly_aggtrades,primary,/Users/yeshevika/Documents/Codex/2026-08-16/files-pasted-by-the-user-read/work/btc_1m_binance_official/spot/monthly_aggtrades_zip/BTCUSDT-aggTrades-2017-09.zip,9c84120fa94ea8faeddab302de6d628fbaa80d468838738aa04d45154bdc8679
spot,2017-09-05,aggTrades,agg_trade,local_official_monthly_aggtrades,primary,/Users/yeshevika/Documents/Codex/2026-08-16/files-pasted-by-the-user-read/work/btc_1m_binance_official/spot/monthly_aggtrades_zip/BTCUSDT-aggTrades-2017-09.zip,9c84120fa94ea8faeddab302de6d628fbaa80d468838738aa04d45154bdc8679
spot,2017-09-07,aggTrades,agg_trade,local_official_monthly_aggtrades,primary,/Users/yeshevika/Documents/Codex/2026-08-16/files-pasted-by-the-user-read/work/btc_1m_binance_official/spot/monthly_aggtrades_zip/BTCUSDT-aggTrades-2017-09.zip,9c84120fa94ea8faeddab302de6d628fbaa80d468838738aa04d45154bdc8679
spot,2017-09-14,aggTrades,agg_trade,local_official_monthly_aggtrades,primary,/Users/yeshevika/Documents/Codex/2026-08-16/files-pasted-by-the-user-read/work/btc_1m_binance_official/spot/monthly_aggtrades_zip/BTCUSDT-aggTrades-2017-09.zip,9c84120fa94ea8faeddab302de6d628fbaa80d468838738aa04d45154bdc8679
spot,2017-11-08,trades,raw_trade,raw_fallback_missing_local_aggtrades,fallback,/Users/yeshevika/Documents/Codex/2026-08-16/files-pasted-by-the-user-read/work/candle and tick data/spot/ticks/official_daily_raw_trades_zip/2017/11.2017/BTCUSDT-trades-2017-11-08.zip,41b24de9d5e92e19680c843cfa7c9232bdf96a8072fa265ac0166c5978d53557
spot,2017-11-12,trades,raw_trade,raw_fallback_missing_local_aggtrades,fallback,/Users/yeshevika/Documents/Codex/2026-08-16/files-pasted-by-the-user-read/work/candle and tick data/spot/ticks/official_daily_raw_trades_zip/2017/11.2017/BTCUSDT-trades-2017-11-12.zip,2b587a5f3a0567ca8a560147aed827db4b89c03d0136bd822181b9bbae4be624
spot,2017-11-29,trades,raw_trade,raw_fallback_missing_local_aggtrades,fallback,/Users/yeshevika/Documents/Codex/2026-08-16/files-pasted-by-the-user-read/work/candle and tick data/spot/ticks/official_daily_raw_trades_zip/2017/11.2017/BTCUSDT-trades-2017-11-29.zip,874e8da1be993da249be924d161ec0aebffc43df00ea8828d93be3e61378bf9f
spot,2017-11-30,trades,raw_trade,raw_fallback_missing_local_aggtrades,fallback,/Users/yeshevika/Documents/Codex/2026-08-16/files-pasted-by-the-user-read/work/candle and tick data/spot/ticks/official_daily_raw_trades_zip/2017/11.2017/BTCUSDT-trades-2017-11-30.zip,e9716c63c7df3b7f2af01705fbbb3f02edd3b1ed9636b8b9ceb4f23338817f45
spot,2017-12-07,aggTrades,agg_trade,local_official_monthly_aggtrades,primary,/Users/yeshevika/Documents/Codex/2026-08-16/files-pasted-by-the-user-read/work/btc_1m_binance_official/spot/monthly_aggtrades_zip/BTCUSDT-aggTrades-2017-12.zip,45261b647c70862edd60e788ce20f32d3b78d0753f9841ba3ca0e50afdbfbefe
spot,2017-12-10,aggTrades,agg_trade,local_official_monthly_aggtrades,primary,/Users/yeshevika/Documents/Codex/2026-08-16/files-pasted-by-the-user-read/work/btc_1m_binance_official/spot/monthly_aggtrades_zip/BTCUSDT-aggTrades-2017-12.zip,45261b647c70862edd60e788ce20f32d3b78d0753f9841ba3ca0e50afdbfbefe
spot,2017-12-17,aggTrades,agg_trade,local_official_monthly_aggtrades,primary,/Users/yeshevika/Documents/Codex/2026-08-16/files-pasted-by-the-user-read/work/btc_1m_binance_official/spot/monthly_aggtrades_zip/BTCUSDT-aggTrades-2017-12.zip,45261b647c70862edd60e788ce20f32d3b78d0753f9841ba3ca0e50afdbfbefe
spot,2017-12-24,aggTrades,agg_trade,local_official_monthly_aggtrades,primary,/Users/yeshevika/Documents/Codex/2026-08-16/files-pasted-by-the-user-read/work/btc_1m_binance_official/spot/monthly_aggtrades_zip/BTCUSDT-aggTrades-2017-12.zip,45261b647c70862edd60e788ce20f32d3b78d0753f9841ba3ca0e50afdbfbefe
spot,2017-12-27,aggTrades,agg_trade,local_official_monthly_aggtrades,primary,/Users/yeshevika/Documents/Codex/2026-08-16/files-pasted-by-the-user-read/work/btc_1m_binance_official/spot/monthly_aggtrades_zip/BTCUSDT-aggTrades-2017-12.zip,45261b647c70862edd60e788ce20f32d3b78d0753f9841ba3ca0e50afdbfbefe
spot,2017-12-30,aggTrades,agg_trade,local_official_monthly_aggtrades,primary,/Users/yeshevika/Documents/Codex/2026-08-16/files-pasted-by-the-user-read/work/btc_1m_binance_official/spot/monthly_aggtrades_zip/BTCUSDT-aggTrades-2017-12.zip,45261b647c70862edd60e788ce20f32d3b78d0753f9841ba3ca0e50afdbfbefe
spot,2018-01-02,aggTrades,agg_trade,local_official_monthly_aggtrades,primary,/Users/yeshevika/Documents/Codex/2026-08-16/files-pasted-by-the-user-read/work/btc_1m_binance_official/spot/monthly_aggtrades_zip/BTCUSDT-aggTrades-2018-01.zip,645f8f581a6e4828df12f16b73f9f7451f12bef2ab24d4fc4b0466805e793e7d
spot,2018-01-04,aggTrades,agg_trade,local_official_monthly_aggtrades,primary,/Users/yeshevika/Documents/Codex/2026-08-16/files-pasted-by-the-user-read/work/btc_1m_binance_official/spot/monthly_aggtrades_zip/BTCUSDT-aggTrades-2018-01.zip,645f8f581a6e4828df12f16b73f9f7451f12bef2ab24d4fc4b0466805e793e7d
spot,2018-01-05,aggTrades,agg_trade,local_official_monthly_aggtrades,primary,/Users/yeshevika/Documents/Codex/2026-08-16/files-pasted-by-the-user-read/work/btc_1m_binance_official/spot/monthly_aggtrades_zip/BTCUSDT-aggTrades-2018-01.zip,645f8f581a6e4828df12f16b73f9f7451f12bef2ab24d4fc4b0466805e793e7d
spot,2018-01-17,aggTrades,agg_trade,local_official_monthly_aggtrades,primary,/Users/yeshevika/Documents/Codex/2026-08-16/files-pasted-by-the-user-read/work/btc_1m_binance_official/spot/monthly_aggtrades_zip/BTCUSDT-aggTrades-2018-01.zip,645f8f581a6e4828df12f16b73f9f7451f12bef2ab24d4fc4b0466805e793e7d
spot,2018-01-20,aggTrades,agg_trade,local_official_monthly_aggtrades,primary,/Users/yeshevika/Documents/Codex/2026-08-16/files-pasted-by-the-user-read/work/btc_1m_binance_official/spot/monthly_aggtrades_zip/BTCUSDT-aggTrades-2018-01.zip,645f8f581a6e4828df12f16b73f9f7451f12bef2ab24d4fc4b0466805e793e7d
spot,2018-01-23,aggTrades,agg_trade,local_official_monthly_aggtrades,primary,/Users/yeshevika/Documents/Codex/2026-08-16/files-pasted-by-the-user-read/work/btc_1m_binance_official/spot/monthly_aggtrades_zip/BTCUSDT-aggTrades-2018-01.zip,645f8f581a6e4828df12f16b73f9f7451f12bef2ab24d4fc4b0466805e793e7d
spot,2018-01-28,aggTrades,agg_trade,local_official_monthly_aggtrades,primary,/Users/yeshevika/Documents/Codex/2026-08-16/files-pasted-by-the-user-read/work/btc_1m_binance_official/spot/monthly_aggtrades_zip/BTCUSDT-aggTrades-2018-01.zip,645f8f581a6e4828df12f16b73f9f7451f12bef2ab24d4fc4b0466805e793e7d
spot,2018-02-05,aggTrades,agg_trade,local_official_monthly_aggtrades,primary,/Users/yeshevika/Documents/Codex/2026-08-16/files-pasted-by-the-user-read/work/btc_1m_binance_official/spot/monthly_aggtrades_zip/BTCUSDT-aggTrades-2018-02.zip,3f4e6c023fad49bef717cf976b643708d4025d557da98ba7b82a0ea953e0879c
spot,2018-02-20,aggTrades,agg_trade,local_official_monthly_aggtrades,primary,/Users/yeshevika/Documents/Codex/2026-08-16/files-pasted-by-the-user-read/work/btc_1m_binance_official/spot/monthly_aggtrades_zip/BTCUSDT-aggTrades-2018-02.zip,3f4e6c023fad49bef717cf976b643708d4025d557da98ba7b82a0ea953e0879c
spot,2018-02-25,aggTrades,agg_trade,local_official_monthly_aggtrades,primary,/Users/yeshevika/Documents/Codex/2026-08-16/files-pasted-by-the-user-read/work/btc_1m_binance_official/spot/monthly_aggtrades_zip/BTCUSDT-aggTrades-2018-02.zip,3f4e6c023fad49bef717cf976b643708d4025d557da98ba7b82a0ea953e0879c
spot,2018-03-05,trades,raw_trade,raw_fallback_missing_local_aggtrades,fallback,/Users/yeshevika/Documents/Codex/2026-08-16/files-pasted-by-the-user-read/work/candle and tick data/spot/ticks/official_daily_raw_trades_zip/2018/03.2018/BTCUSDT-trades-2018-03-05.zip,9d7ec178533aba18264c787a24acda53d55155fb598025e79599a1f67d109286
spot,2018-03-18,trades,raw_trade,raw_fallback_missing_local_aggtrades,fallback,/Users/yeshevika/Documents/Codex/2026-08-16/files-pasted-by-the-user-read/work/candle and tick data/spot/ticks/official_daily_raw_trades_zip/2018/03.2018/BTCUSDT-trades-2018-03-18.zip,02626565f0c0bd76d85543cac6e7c0e41aa2a25caaa51cd722d0607cd2acc757
spot,2018-03-21,trades,raw_trade,raw_fallback_missing_local_aggtrades,fallback,/Users/yeshevika/Documents/Codex/2026-08-16/files-pasted-by-the-user-read/work/candle and tick data/spot/ticks/official_daily_raw_trades_zip/2018/03.2018/BTCUSDT-trades-2018-03-21.zip,f7ac59cf27dc514a5b6f0d0038e8503b52b133ddd1dfa14ec03bf509544ba8a3
spot,2018-04-01,trades,raw_trade,raw_fallback_missing_local_aggtrades,fallback,/Users/yeshevika/Documents/Codex/2026-08-16/files-pasted-by-the-user-read/work/candle and tick data/spot/ticks/official_daily_raw_trades_zip/2018/04.2018/BTCUSDT-trades-2018-04-01.zip,224c7e8670830040329155dcb6d3caf78c2d5ee4197156b20aa29cb7d9384c29
spot,2018-05-05,trades,raw_trade,raw_fallback_missing_local_aggtrades,fallback,/Users/yeshevika/Documents/Codex/2026-08-16/files-pasted-by-the-user-read/work/candle and tick data/spot/ticks/official_daily_raw_trades_zip/2018/05.2018/BTCUSDT-trades-2018-05-05.zip,db07bfc87bbbda49e9b7842a5edc48b0f2c8686a32cda41e36a0bf8d66d1cd61
spot,2018-06-24,aggTrades,agg_trade,local_official_monthly_aggtrades,primary,/Users/yeshevika/Documents/Codex/2026-08-16/files-pasted-by-the-user-read/work/btc_1m_binance_official/spot/monthly_aggtrades_zip/BTCUSDT-aggTrades-2018-06.zip,e487669f2629140a33afe142a940e1e69b87e41887ed54e272a2c9d937791d98
spot,2018-07-25,aggTrades,agg_trade,local_official_monthly_aggtrades,primary,/Users/yeshevika/Documents/Codex/2026-08-16/files-pasted-by-the-user-read/work/btc_1m_binance_official/spot/monthly_aggtrades_zip/BTCUSDT-aggTrades-2018-07.zip,8a0f2e363552010dbbcd7f621c9f8911888910ed83a0c763f81a0094b5306f48
spot,2018-08-14,trades,raw_trade,raw_fallback_missing_local_aggtrades,fallback,/Users/yeshevika/Documents/Codex/2026-08-16/files-pasted-by-the-user-read/work/candle and tick data/spot/ticks/official_daily_raw_trades_zip/2018/08.2018/BTCUSDT-trades-2018-08-14.zip,0b0ebd0ac5b0f3141495647f549b6c59229d4c33e8368da6ab87554c34ff9200
spot,2018-09-04,trades,raw_trade,raw_fallback_missing_local_aggtrades,fallback,/Users/yeshevika/Documents/Codex/2026-08-16/files-pasted-by-the-user-read/work/candle and tick data/spot/ticks/official_daily_raw_trades_zip/2018/09.2018/BTCUSDT-trades-2018-09-04.zip,5e28c99bb840fc06c81c88973da46158c0445a0f97913a9904ef9600a2325c85
spot,2018-09-19,trades,raw_trade,raw_fallback_missing_local_aggtrades,fallback,/Users/yeshevika/Documents/Codex/2026-08-16/files-pasted-by-the-user-read/work/candle and tick data/spot/ticks/official_daily_raw_trades_zip/2018/09.2018/BTCUSDT-trades-2018-09-19.zip,2f1220ce0303a0e061177a4b5e1c794432569ff2546fd4ad0bdb56e7b6985d39
spot,2018-10-15,aggTrades,agg_trade,local_official_monthly_aggtrades,primary,/Users/yeshevika/Documents/Codex/2026-08-16/files-pasted-by-the-user-read/work/btc_1m_binance_official/spot/monthly_aggtrades_zip/BTCUSDT-aggTrades-2018-10.zip,ec9dd98bfabc8226c5aaca48262a070551a417fac22696c8440d6482a7f6dbb6
spot,2018-11-25,aggTrades,agg_trade,local_official_monthly_aggtrades,primary,/Users/yeshevika/Documents/Codex/2026-08-16/files-pasted-by-the-user-read/work/btc_1m_binance_official/spot/monthly_aggtrades_zip/BTCUSDT-aggTrades-2018-11.zip,96ef86d32b0c92a2261cc86680c22d4ea3c1848d43ab842f30516d6e9d8e4536
spot,2018-11-29,aggTrades,agg_trade,local_official_monthly_aggtrades,primary,/Users/yeshevika/Documents/Codex/2026-08-16/files-pasted-by-the-user-read/work/btc_1m_binance_official/spot/monthly_aggtrades_zip/BTCUSDT-aggTrades-2018-11.zip,96ef86d32b0c92a2261cc86680c22d4ea3c1848d43ab842f30516d6e9d8e4536
spot,2018-12-15,trades,raw_trade,raw_fallback_missing_local_aggtrades,fallback,/Users/yeshevika/Documents/Codex/2026-08-16/files-pasted-by-the-user-read/work/candle and tick data/spot/ticks/official_daily_raw_trades_zip/2018/12.2018/BTCUSDT-trades-2018-12-15.zip,739493b583dbf474b5cb332907c224987a3720051e4f20e41d85ff606ae8589c
spot,2018-12-24,trades,raw_trade,raw_fallback_missing_local_aggtrades,fallback,/Users/yeshevika/Documents/Codex/2026-08-16/files-pasted-by-the-user-read/work/candle and tick data/spot/ticks/official_daily_raw_trades_zip/2018/12.2018/BTCUSDT-trades-2018-12-24.zip,c06c5eda3a7ffe26aa1aac1557deccc036a3fb3c67420c6159b05fe8050c09cc
spot,2019-01-29,trades,raw_trade,raw_fallback_missing_local_aggtrades,fallback,/Users/yeshevika/Documents/Codex/2026-08-16/files-pasted-by-the-user-read/work/candle and tick data/spot/ticks/official_daily_raw_trades_zip/2019/01.2019/BTCUSDT-trades-2019-01-29.zip,a67361a573fad9a3f29a2543465945b57bb0be744186add35739a76c90f01541
spot,2019-05-14,aggTrades,agg_trade,local_official_monthly_aggtrades,primary,/Users/yeshevika/Documents/Codex/2026-08-16/files-pasted-by-the-user-read/work/btc_1m_binance_official/spot/monthly_aggtrades_zip/BTCUSDT-aggTrades-2019-05.zip,5a701d36ec0b95c3bc36f422b5a5fc399940c37ec1d6d9875b2c117978aad83d
spot,2019-05-18,aggTrades,agg_trade,local_official_monthly_aggtrades,primary,/Users/yeshevika/Documents/Codex/2026-08-16/files-pasted-by-the-user-read/work/btc_1m_binance_official/spot/monthly_aggtrades_zip/BTCUSDT-aggTrades-2019-05.zip,5a701d36ec0b95c3bc36f422b5a5fc399940c37ec1d6d9875b2c117978aad83d
spot,2019-05-30,aggTrades,agg_trade,local_official_monthly_aggtrades,primary,/Users/yeshevika/Documents/Codex/2026-08-16/files-pasted-by-the-user-read/work/btc_1m_binance_official/spot/monthly_aggtrades_zip/BTCUSDT-aggTrades-2019-05.zip,5a701d36ec0b95c3bc36f422b5a5fc399940c37ec1d6d9875b2c117978aad83d
spot,2019-06-06,aggTrades,agg_trade,local_official_monthly_aggtrades,primary,/Users/yeshevika/Documents/Codex/2026-08-16/files-pasted-by-the-user-read/work/btc_1m_binance_official/spot/monthly_aggtrades_zip/BTCUSDT-aggTrades-2019-06.zip,c9713a0d38b180bb63e6ce7a9f3582d71dadb3a2df60ce70fb60ccd6c05eb2a5
spot,2019-06-26,aggTrades,agg_trade,local_official_monthly_aggtrades,primary,/Users/yeshevika/Documents/Codex/2026-08-16/files-pasted-by-the-user-read/work/btc_1m_binance_official/spot/monthly_aggtrades_zip/BTCUSDT-aggTrades-2019-06.zip,c9713a0d38b180bb63e6ce7a9f3582d71dadb3a2df60ce70fb60ccd6c05eb2a5
spot,2019-07-02,trades,raw_trade,raw_fallback_missing_local_aggtrades,fallback,/Users/yeshevika/Documents/Codex/2026-08-16/files-pasted-by-the-user-read/work/candle and tick data/spot/ticks/official_daily_raw_trades_zip/2019/07.2019/BTCUSDT-trades-2019-07-02.zip,b354b9c7775b952c59e57b504d59fcc6008299153f78b4acd2fa79be87a9e7f0
spot,2019-07-10,trades,raw_trade,raw_fallback_missing_local_aggtrades,fallback,/Users/yeshevika/Documents/Codex/2026-08-16/files-pasted-by-the-user-read/work/candle and tick data/spot/ticks/official_daily_raw_trades_zip/2019/07.2019/BTCUSDT-trades-2019-07-10.zip,3d890b7970e35902fca0efbd59f4232dc788c3707100dcb800cd33664c0252ab
spot,2019-07-17,trades,raw_trade,raw_fallback_missing_local_aggtrades,fallback,/Users/yeshevika/Documents/Codex/2026-08-16/files-pasted-by-the-user-read/work/candle and tick data/spot/ticks/official_daily_raw_trades_zip/2019/07.2019/BTCUSDT-trades-2019-07-17.zip,6b3de6c3c3a0b54bf972a89944ecf5d5f521dcb46f6a061e1a9509a33e132c78
spot,2019-07-20,trades,raw_trade,raw_fallback_missing_local_aggtrades,fallback,/Users/yeshevika/Documents/Codex/2026-08-16/files-pasted-by-the-user-read/work/candle and tick data/spot/ticks/official_daily_raw_trades_zip/2019/07.2019/BTCUSDT-trades-2019-07-20.zip,50936d95b0a579a56890c288a4a379fabd0275c20ab223ce368b8ca23bcbe54b
spot,2019-07-29,trades,raw_trade,raw_fallback_missing_local_aggtrades,fallback,/Users/yeshevika/Documents/Codex/2026-08-16/files-pasted-by-the-user-read/work/candle and tick data/spot/ticks/official_daily_raw_trades_zip/2019/07.2019/BTCUSDT-trades-2019-07-29.zip,a3f85d0d2d514ac722beae9b8a0396287e01c4d2c19f7e0e0e1215d182e781e5
spot,2019-08-06,aggTrades,agg_trade,local_official_monthly_aggtrades,primary,/Users/yeshevika/Documents/Codex/2026-08-16/files-pasted-by-the-user-read/work/btc_1m_binance_official/spot/monthly_aggtrades_zip/BTCUSDT-aggTrades-2019-08.zip,1f21fc4013a38187c1d1f3fcdd9d1de64f100141e0ed290d8822fed28fba2902
